date,time,away,score_away,home,score_home,audience,
"Tue, Oct 22, 2019",8:00p,New Orleans Pelicans,122,Toronto Raptors,130,"20,787",
"Tue, Oct 22, 2019",10:30p,Los Angeles Lakers,102,Los Angeles Clippers,112,"19,068",
"Wed, Oct 23, 2019",7:00p,Chicago Bulls,125,Charlotte Hornets,126,"15,424",
"Wed, Oct 23, 2019",7:00p,Detroit Pistons,119,Indiana Pacers,110,"17,923",
"Wed, Oct 23, 2019",7:00p,Cleveland Cavaliers,85,Orlando Magic,94,"18,846",
"Wed, Oct 23, 2019",7:30p,Minnesota Timberwolves,127,Brooklyn Nets,126,"17,732",
"Wed, Oct 23, 2019",7:30p,Memphis Grizzlies,101,Miami Heat,120,"19,600",
"Wed, Oct 23, 2019",7:30p,Boston Celtics,93,Philadelphia 76ers,107,"20,422",
"Wed, Oct 23, 2019",8:30p,Washington Wizards,100,Dallas Mavericks,108,"19,816",
"Wed, Oct 23, 2019",8:30p,New York Knicks,111,San Antonio Spurs,120,"18,354",
"Wed, Oct 23, 2019",9:00p,Oklahoma City Thunder,95,Utah Jazz,100,"18,306",
"Wed, Oct 23, 2019",10:00p,Sacramento Kings,95,Phoenix Suns,124,"18,055",
"Wed, Oct 23, 2019",10:00p,Denver Nuggets,108,Portland Trail Blazers,100,"19,991",
"Thu, Oct 24, 2019",7:00p,Atlanta Hawks,117,Detroit Pistons,100,"20,338",
"Thu, Oct 24, 2019",8:00p,Milwaukee Bucks,117,Houston Rockets,111,"18,055",
"Thu, Oct 24, 2019",10:30p,Los Angeles Clippers,141,Golden State Warriors,122,"18,064",
"Fri, Oct 25, 2019",7:00p,Toronto Raptors,106,Boston Celtics,112,"18,624",
"Fri, Oct 25, 2019",7:00p,Minnesota Timberwolves,121,Charlotte Hornets,99,"14,879",
"Fri, Oct 25, 2019",7:30p,New York Knicks,109,Brooklyn Nets,113,"17,732",
"Fri, Oct 25, 2019",8:00p,Chicago Bulls,110,Memphis Grizzlies,102,"17,794",
"Fri, Oct 25, 2019",8:00p,Dallas Mavericks,123,New Orleans Pelicans,116,"17,027",
"Fri, Oct 25, 2019",8:00p,Washington Wizards,97,Oklahoma City Thunder,85,"18,203",
"Fri, Oct 25, 2019",9:00p,Phoenix Suns,107,Denver Nuggets,108,"19,557",
"Fri, Oct 25, 2019",10:00p,Portland Trail Blazers,122,Sacramento Kings,112,"17,583",
"Fri, Oct 25, 2019",10:30p,Utah Jazz,86,Los Angeles Lakers,95,"18,997",
"Sat, Oct 26, 2019",5:00p,Miami Heat,131,Milwaukee Bucks,126,"17,467",
"Sat, Oct 26, 2019",7:00p,Philadelphia 76ers,117,Detroit Pistons,111,"16,207",
"Sat, Oct 26, 2019",7:30p,Orlando Magic,99,Atlanta Hawks,103,"17,078",
"Sat, Oct 26, 2019",7:30p,Boston Celtics,118,New York Knicks,95,"19,812",
"Sat, Oct 26, 2019",8:00p,Toronto Raptors,108,Chicago Bulls,84,"21,498",
"Sat, Oct 26, 2019",8:00p,Indiana Pacers,99,Cleveland Cavaliers,110,"19,432",
"Sat, Oct 26, 2019",8:00p,New Orleans Pelicans,123,Houston Rockets,126,"18,055",
"Sat, Oct 26, 2019",8:30p,Washington Wizards,122,San Antonio Spurs,124,"18,354",
"Sat, Oct 26, 2019",9:00p,Sacramento Kings,81,Utah Jazz,113,"18,306",
"Sat, Oct 26, 2019",10:00p,Los Angeles Clippers,122,Phoenix Suns,130,"15,802",
"Sun, Oct 27, 2019",3:30p,Golden State Warriors,92,Oklahoma City Thunder,120,"18,203",
"Sun, Oct 27, 2019",6:00p,Brooklyn Nets,133,Memphis Grizzlies,134,"15,517",
"Sun, Oct 27, 2019",7:00p,Portland Trail Blazers,121,Dallas Mavericks,119,"19,707",
"Sun, Oct 27, 2019",7:00p,Miami Heat,109,Minnesota Timberwolves,116,"17,049",
"Sun, Oct 27, 2019",9:30p,Charlotte Hornets,101,Los Angeles Lakers,120,"18,997",
"Mon, Oct 28, 2019",7:00p,Chicago Bulls,98,New York Knicks,105,"19,812",
"Mon, Oct 28, 2019",7:00p,Indiana Pacers,94,Detroit Pistons,96,"13,565",
"Mon, Oct 28, 2019",7:30p,Orlando Magic,95,Toronto Raptors,104,"19,800",
"Mon, Oct 28, 2019",7:30p,Philadelphia 76ers,105,Atlanta Hawks,103,"14,094",
"Mon, Oct 28, 2019",8:00p,Oklahoma City Thunder,112,Houston Rockets,116,"18,055",
"Mon, Oct 28, 2019",8:00p,Cleveland Cavaliers,112,Milwaukee Bucks,129,"17,385",
"Mon, Oct 28, 2019",8:00p,Golden State Warriors,134,New Orleans Pelicans,123,"17,307",
"Mon, Oct 28, 2019",8:30p,Portland Trail Blazers,110,San Antonio Spurs,113,"18,083",
"Mon, Oct 28, 2019",10:00p,Utah Jazz,96,Phoenix Suns,95,"14,805",
"Mon, Oct 28, 2019",10:00p,Denver Nuggets,101,Sacramento Kings,94,"15,870",
"Mon, Oct 28, 2019",10:30p,Charlotte Hornets,96,Los Angeles Clippers,111,"19,068",
"Tue, Oct 29, 2019",7:30p,Atlanta Hawks,97,Miami Heat,112,"19,600",
"Tue, Oct 29, 2019",9:00p,Dallas Mavericks,109,Denver Nuggets,106,"16,605",
"Tue, Oct 29, 2019",10:30p,Memphis Grizzlies,91,Los Angeles Lakers,120,"18,997",
"Wed, Oct 30, 2019",7:00p,Chicago Bulls,111,Cleveland Cavaliers,117,"17,595",
"Wed, Oct 30, 2019",7:00p,New York Knicks,83,Orlando Magic,95,"17,456",
"Wed, Oct 30, 2019",7:00p,Minnesota Timberwolves,95,Philadelphia 76ers,117,"20,204",
"Wed, Oct 30, 2019",7:30p,Milwaukee Bucks,105,Boston Celtics,116,"18,624",
"Wed, Oct 30, 2019",7:30p,Indiana Pacers,118,Brooklyn Nets,108,"17,083",
"Wed, Oct 30, 2019",7:30p,Detroit Pistons,113,Toronto Raptors,125,"19,800",
"Wed, Oct 30, 2019",8:00p,Portland Trail Blazers,102,Oklahoma City Thunder,99,"18,203",
"Wed, Oct 30, 2019",8:00p,Houston Rockets,159,Washington Wizards,158,"20,476",
"Wed, Oct 30, 2019",10:00p,Charlotte Hornets,118,Sacramento Kings,111,"15,416",
"Wed, Oct 30, 2019",10:00p,Los Angeles Clippers,96,Utah Jazz,110,"18,306",
"Wed, Oct 30, 2019",10:30p,Phoenix Suns,121,Golden State Warriors,110,"18,064",
"Thu, Oct 31, 2019",7:00p,Miami Heat,106,Atlanta Hawks,97,"16,539",
"Thu, Oct 31, 2019",9:30p,Denver Nuggets,107,New Orleans Pelicans,122,"16,613",
"Thu, Oct 31, 2019",10:30p,San Antonio Spurs,97,Los Angeles Clippers,103,"19,068",
"Fri, Nov 1, 2019",7:00p,Houston Rockets,116,Brooklyn Nets,123,"17,732",
"Fri, Nov 1, 2019",7:00p,Cleveland Cavaliers,95,Indiana Pacers,102,"16,079",
"Fri, Nov 1, 2019",7:00p,Milwaukee Bucks,123,Orlando Magic,91,"15,105",
"Fri, Nov 1, 2019",7:30p,New York Knicks,102,Boston Celtics,104,"18,624",
"Fri, Nov 1, 2019",8:00p,Detroit Pistons,106,Chicago Bulls,112,"20,671",
"Fri, Nov 1, 2019",9:30p,Los Angeles Lakers,119,Dallas Mavericks,110,"20,358",
"Fri, Nov 1, 2019",10:00p,Utah Jazz,101,Sacramento Kings,102,"16,273",
"Fri, Nov 1, 2019",10:30p,San Antonio Spurs,127,Golden State Warriors,110,"18,064",
"Sat, Nov 2, 2019",5:00p,New Orleans Pelicans,104,Oklahoma City Thunder,115,"18,203",
"Sat, Nov 2, 2019",7:00p,Brooklyn Nets,109,Detroit Pistons,113,"17,222",
"Sat, Nov 2, 2019",7:00p,Denver Nuggets,91,Orlando Magic,87,"17,025",
"Sat, Nov 2, 2019",8:00p,Phoenix Suns,114,Memphis Grizzlies,105,"14,144",
"Sat, Nov 2, 2019",8:00p,Toronto Raptors,105,Milwaukee Bucks,115,"17,637",
"Sat, Nov 2, 2019",8:00p,Minnesota Timberwolves,131,Washington Wizards,109,"15,150",
"Sat, Nov 2, 2019",8:30p,Charlotte Hornets,93,Golden State Warriors,87,"18,064",
"Sat, Nov 2, 2019",10:00p,Philadelphia 76ers,129,Portland Trail Blazers,128,"19,669",
"Sun, Nov 3, 2019",5:00p,Chicago Bulls,95,Indiana Pacers,108,"17,073",
"Sun, Nov 3, 2019",6:00p,Houston Rockets,100,Miami Heat,129,"19,724",
"Sun, Nov 3, 2019",6:00p,Sacramento Kings,113,New York Knicks,92,"19,812",
"Sun, Nov 3, 2019",7:00p,Los Angeles Lakers,103,San Antonio Spurs,96,"18,610",
"Sun, Nov 3, 2019",7:30p,Dallas Mavericks,131,Cleveland Cavaliers,111,"18,078",
"Sun, Nov 3, 2019",9:00p,Utah Jazz,94,Los Angeles Clippers,105,"19,068",
"Mon, Nov 4, 2019",7:00p,Detroit Pistons,99,Washington Wizards,115,"13,052",
"Mon, Nov 4, 2019",7:30p,New Orleans Pelicans,125,Brooklyn Nets,135,"17,194",
"Mon, Nov 4, 2019",8:00p,Houston Rockets,107,Memphis Grizzlies,100,"14,197",
"Mon, Nov 4, 2019",8:00p,Milwaukee Bucks,134,Minnesota Timberwolves,106,"16,271",
"Mon, Nov 4, 2019",9:00p,Philadelphia 76ers,109,Phoenix Suns,114,"14,285",
"Mon, Nov 4, 2019",10:30p,Portland Trail Blazers,118,Golden State Warriors,127,"18,064",
"Tue, Nov 5, 2019",7:00p,Indiana Pacers,120,Charlotte Hornets,122,"13,341",
"Tue, Nov 5, 2019",7:00p,Boston Celtics,119,Cleveland Cavaliers,113,"17,709",
"Tue, Nov 5, 2019",7:30p,San Antonio Spurs,100,Atlanta Hawks,108,"14,025",
"Tue, Nov 5, 2019",8:00p,Los Angeles Lakers,118,Chicago Bulls,112,"21,193",
"Tue, Nov 5, 2019",8:00p,Orlando Magic,94,Oklahoma City Thunder,102,"18,203",
"Tue, Nov 5, 2019",9:00p,Miami Heat,89,Denver Nuggets,109,"18,010",
"Wed, Nov 6, 2019",7:00p,New York Knicks,102,Detroit Pistons,122,"15,463",
"Wed, Nov 6, 2019",7:00p,Washington Wizards,106,Indiana Pacers,121,"16,171",
"Wed, Nov 6, 2019",7:30p,Chicago Bulls,113,Atlanta Hawks,93,"15,049",
"Wed, Nov 6, 2019",7:30p,Golden State Warriors,112,Houston Rockets,129,"18,055",
"Wed, Nov 6, 2019",7:30p,Sacramento Kings,120,Toronto Raptors,124,"19,800",
"Wed, Nov 6, 2019",8:00p,Minnesota Timberwolves,121,Memphis Grizzlies,137,"13,503",
"Wed, Nov 6, 2019",8:30p,Orlando Magic,106,Dallas Mavericks,107,"19,487",
"Wed, Nov 6, 2019",9:00p,Philadelphia 76ers,104,Utah Jazz,106,"18,306",
"Wed, Nov 6, 2019",10:00p,Milwaukee Bucks,129,Los Angeles Clippers,124,"19,068",
"Thu, Nov 7, 2019",8:00p,Boston Celtics,108,Charlotte Hornets,87,"18,487",
"Thu, Nov 7, 2019",8:30p,Oklahoma City Thunder,112,San Antonio Spurs,121,"18,354",
"Thu, Nov 7, 2019",9:00p,Miami Heat,124,Phoenix Suns,108,"15,498",
"Thu, Nov 7, 2019",10:30p,Portland Trail Blazers,101,Los Angeles Clippers,107,"19,068",
"Fri, Nov 8, 2019",7:00p,Detroit Pistons,106,Indiana Pacers,112,"15,544",
"Fri, Nov 8, 2019",7:00p,Memphis Grizzlies,86,Orlando Magic,118,"17,021",
"Fri, Nov 8, 2019",7:00p,Cleveland Cavaliers,113,Washington Wizards,100,"16,946",
"Fri, Nov 8, 2019",7:30p,Sacramento Kings,121,Atlanta Hawks,109,"16,447",
"Fri, Nov 8, 2019",8:00p,Golden State Warriors,119,Minnesota Timberwolves,125,"15,647",
"Fri, Nov 8, 2019",8:00p,Toronto Raptors,122,New Orleans Pelicans,104,"16,337",
"Fri, Nov 8, 2019",8:30p,New York Knicks,106,Dallas Mavericks,102,"20,257",
"Fri, Nov 8, 2019",9:00p,Philadelphia 76ers,97,Denver Nuggets,100,"19,520",
"Fri, Nov 8, 2019",9:00p,Milwaukee Bucks,100,Utah Jazz,103,"18,306",
"Fri, Nov 8, 2019",10:00p,Brooklyn Nets,119,Portland Trail Blazers,115,"20,089",
"Fri, Nov 8, 2019",10:30p,Miami Heat,80,Los Angeles Lakers,95,"18,997",
"Sat, Nov 9, 2019",5:00p,Boston Celtics,135,San Antonio Spurs,115,"18,354",
"Sat, Nov 9, 2019",7:00p,New Orleans Pelicans,115,Charlotte Hornets,110,"18,513",
"Sat, Nov 9, 2019",8:00p,Houston Rockets,117,Chicago Bulls,94,"20,482",
"Sat, Nov 9, 2019",8:00p,Dallas Mavericks,138,Memphis Grizzlies,122,"15,753",
"Sat, Nov 9, 2019",8:00p,Golden State Warriors,108,Oklahoma City Thunder,114,"18,203",
"Sun, Nov 10, 2019",3:30p,Denver Nuggets,100,Minnesota Timberwolves,98,"13,553",
"Sun, Nov 10, 2019",6:00p,Indiana Pacers,109,Orlando Magic,102,"17,118",
"Sun, Nov 10, 2019",6:00p,Charlotte Hornets,106,Philadelphia 76ers,114,"20,311",
"Sun, Nov 10, 2019",7:00p,Milwaukee Bucks,121,Oklahoma City Thunder,119,"18,203",
"Sun, Nov 10, 2019",7:30p,Cleveland Cavaliers,108,New York Knicks,87,"19,812",
"Sun, Nov 10, 2019",8:00p,Brooklyn Nets,112,Phoenix Suns,138,"17,290",
"Sun, Nov 10, 2019",9:00p,Atlanta Hawks,113,Portland Trail Blazers,124,"20,041",
"Sun, Nov 10, 2019",9:30p,Toronto Raptors,113,Los Angeles Lakers,104,"18,997",
"Mon, Nov 11, 2019",7:00p,Minnesota Timberwolves,120,Detroit Pistons,114,"12,526",
"Mon, Nov 11, 2019",7:30p,Dallas Mavericks,106,Boston Celtics,116,"18,624",
"Mon, Nov 11, 2019",7:30p,Memphis Grizzlies,113,San Antonio Spurs,109,"18,627",
"Mon, Nov 11, 2019",8:00p,Houston Rockets,122,New Orleans Pelicans,116,"16,695",
"Mon, Nov 11, 2019",10:30p,Utah Jazz,122,Golden State Warriors,108,"18,064",
"Mon, Nov 11, 2019",10:30p,Toronto Raptors,88,Los Angeles Clippers,98,"19,068",
"Tue, Nov 12, 2019",7:00p,Oklahoma City Thunder,85,Indiana Pacers,111,"15,838",
"Tue, Nov 12, 2019",7:00p,Cleveland Cavaliers,97,Philadelphia 76ers,98,"20,294",
"Tue, Nov 12, 2019",7:30p,Detroit Pistons,108,Miami Heat,117,"19,600",
"Tue, Nov 12, 2019",8:00p,New York Knicks,102,Chicago Bulls,120,"18,668",
"Tue, Nov 12, 2019",9:00p,Atlanta Hawks,125,Denver Nuggets,121,"18,327",
"Tue, Nov 12, 2019",9:00p,Los Angeles Lakers,123,Phoenix Suns,115,"18,055",
"Tue, Nov 12, 2019",9:00p,Brooklyn Nets,114,Utah Jazz,119,"18,306",
"Tue, Nov 12, 2019",10:00p,Portland Trail Blazers,99,Sacramento Kings,107,"16,358",
"Wed, Nov 13, 2019",7:00p,Memphis Grizzlies,119,Charlotte Hornets,117,"13,155",
"Wed, Nov 13, 2019",7:00p,Philadelphia 76ers,97,Orlando Magic,112,"15,113",
"Wed, Nov 13, 2019",7:30p,Washington Wizards,133,Boston Celtics,140,"19,156",
"Wed, Nov 13, 2019",7:30p,Los Angeles Clippers,93,Houston Rockets,102,"18,055",
"Wed, Nov 13, 2019",8:00p,San Antonio Spurs,114,Minnesota Timberwolves,129,"11,581",
"Wed, Nov 13, 2019",10:00p,Golden State Warriors,94,Los Angeles Lakers,120,"18,997",
"Wed, Nov 13, 2019",10:00p,Toronto Raptors,114,Portland Trail Blazers,106,"19,544",
"Thu, Nov 14, 2019",6:00p,Miami Heat,108,Cleveland Cavaliers,97,"17,374",
"Thu, Nov 14, 2019",8:00p,Chicago Bulls,115,Milwaukee Bucks,124,"17,627",
"Thu, Nov 14, 2019",8:00p,Los Angeles Clippers,127,New Orleans Pelicans,132,"17,147",
"Thu, Nov 14, 2019",8:00p,Dallas Mavericks,103,New York Knicks,106,"19,812",
"Thu, Nov 14, 2019",9:00p,Atlanta Hawks,112,Phoenix Suns,128,"15,143",
"Thu, Nov 14, 2019",10:30p,Brooklyn Nets,93,Denver Nuggets,101,"18,394",
"Fri, Nov 15, 2019",7:00p,Detroit Pistons,106,Charlotte Hornets,109,"16,778",
"Fri, Nov 15, 2019",7:00p,San Antonio Spurs,109,Orlando Magic,111,"16,296",
"Fri, Nov 15, 2019",8:00p,Indiana Pacers,102,Houston Rockets,111,"18,055",
"Fri, Nov 15, 2019",8:00p,Utah Jazz,106,Memphis Grizzlies,107,"16,422",
"Fri, Nov 15, 2019",8:00p,Washington Wizards,137,Minnesota Timberwolves,116,"12,716",
"Fri, Nov 15, 2019",8:00p,Philadelphia 76ers,119,Oklahoma City Thunder,127,"18,203",
"Fri, Nov 15, 2019",10:30p,Boston Celtics,105,Golden State Warriors,100,"18,064",
"Fri, Nov 15, 2019",10:30p,Sacramento Kings,97,Los Angeles Lakers,99,"18,997",
"Sat, Nov 16, 2019",6:00p,Brooklyn Nets,117,Chicago Bulls,111,"19,148",
"Sat, Nov 16, 2019",7:00p,Milwaukee Bucks,102,Indiana Pacers,83,"17,024",
"Sat, Nov 16, 2019",7:30p,Charlotte Hornets,103,New York Knicks,102,"19,401",
"Sat, Nov 16, 2019",8:00p,New Orleans Pelicans,94,Miami Heat,109,"19,600",
"Sat, Nov 16, 2019",8:00p,Houston Rockets,125,Minnesota Timberwolves,105,"18,978",
"Sat, Nov 16, 2019",8:30p,Toronto Raptors,102,Dallas Mavericks,110,"19,926",
"Sat, Nov 16, 2019",8:30p,Portland Trail Blazers,121,San Antonio Spurs,116,"18,534",
"Sat, Nov 16, 2019",10:30p,Atlanta Hawks,101,Los Angeles Clippers,150,"19,068",
"Sun, Nov 17, 2019",3:00p,Philadelphia 76ers,114,Cleveland Cavaliers,95,"19,432",
"Sun, Nov 17, 2019",3:30p,Boston Celtics,99,Sacramento Kings,100,"16,633",
"Sun, Nov 17, 2019",6:00p,Denver Nuggets,131,Memphis Grizzlies,114,"14,227",
"Sun, Nov 17, 2019",6:00p,Washington Wizards,121,Orlando Magic,125,"16,344",
"Sun, Nov 17, 2019",7:00p,Golden State Warriors,100,New Orleans Pelicans,108,"16,812",
"Sun, Nov 17, 2019",9:30p,Atlanta Hawks,101,Los Angeles Lakers,122,"18,997",
"Mon, Nov 18, 2019",7:00p,Cleveland Cavaliers,105,New York Knicks,123,"17,097",
"Mon, Nov 18, 2019",7:30p,Indiana Pacers,115,Brooklyn Nets,86,"14,140",
"Mon, Nov 18, 2019",7:30p,Charlotte Hornets,96,Toronto Raptors,132,"19,800",
"Mon, Nov 18, 2019",8:00p,Milwaukee Bucks,115,Chicago Bulls,101,"17,565",
"Mon, Nov 18, 2019",8:00p,Portland Trail Blazers,108,Houston Rockets,132,"18,055",
"Mon, Nov 18, 2019",8:30p,San Antonio Spurs,110,Dallas Mavericks,117,"19,637",
"Mon, Nov 18, 2019",9:00p,Boston Celtics,99,Phoenix Suns,85,"15,193",
"Mon, Nov 18, 2019",9:00p,Minnesota Timberwolves,112,Utah Jazz,102,"18,306",
"Mon, Nov 18, 2019",10:30p,Oklahoma City Thunder,88,Los Angeles Clippers,90,"19,068",
"Tue, Nov 19, 2019",8:00p,Golden State Warriors,114,Memphis Grizzlies,95,"14,511",
"Tue, Nov 19, 2019",8:00p,Portland Trail Blazers,104,New Orleans Pelicans,115,"15,021",
"Tue, Nov 19, 2019",10:00p,Phoenix Suns,116,Sacramento Kings,120,"16,732",
"Tue, Nov 19, 2019",10:30p,Oklahoma City Thunder,107,Los Angeles Lakers,112,"18,997",
"Wed, Nov 20, 2019",7:00p,New York Knicks,104,Philadelphia 76ers,109,"20,384",
"Wed, Nov 20, 2019",7:00p,San Antonio Spurs,132,Washington Wizards,138,"14,579",
"Wed, Nov 20, 2019",7:30p,Milwaukee Bucks,135,Atlanta Hawks,127,"16,441",
"Wed, Nov 20, 2019",7:30p,Charlotte Hornets,91,Brooklyn Nets,101,"14,011",
"Wed, Nov 20, 2019",7:30p,Golden State Warriors,94,Dallas Mavericks,142,"19,569",
"Wed, Nov 20, 2019",7:30p,Cleveland Cavaliers,100,Miami Heat,124,"19,600",
"Wed, Nov 20, 2019",7:30p,Orlando Magic,97,Toronto Raptors,113,"19,800",
"Wed, Nov 20, 2019",8:00p,Detroit Pistons,89,Chicago Bulls,109,"18,119",
"Wed, Nov 20, 2019",8:00p,Utah Jazz,103,Minnesota Timberwolves,95,"13,177",
"Wed, Nov 20, 2019",9:00p,Houston Rockets,95,Denver Nuggets,105,"17,778",
"Wed, Nov 20, 2019",10:00p,Boston Celtics,104,Los Angeles Clippers,107,"19,068",
"Thu, Nov 21, 2019",8:00p,Portland Trail Blazers,129,Milwaukee Bucks,137,"17,385",
"Thu, Nov 21, 2019",10:30p,New Orleans Pelicans,124,Phoenix Suns,121,"13,903",
"Fri, Nov 22, 2019",7:00p,Atlanta Hawks,103,Detroit Pistons,128,"15,399",
"Fri, Nov 22, 2019",7:00p,Charlotte Hornets,118,Washington Wizards,125,"15,053",
"Fri, Nov 22, 2019",7:30p,Sacramento Kings,97,Brooklyn Nets,116,"15,619",
"Fri, Nov 22, 2019",8:00p,Miami Heat,116,Chicago Bulls,108,"18,953",
"Fri, Nov 22, 2019",8:00p,Los Angeles Lakers,130,Oklahoma City Thunder,127,"18,203",
"Fri, Nov 22, 2019",8:00p,San Antonio Spurs,104,Philadelphia 76ers,115,"20,927",
"Fri, Nov 22, 2019",8:30p,Cleveland Cavaliers,101,Dallas Mavericks,143,"19,639",
"Fri, Nov 22, 2019",9:00p,Boston Celtics,92,Denver Nuggets,96,"19,520",
"Fri, Nov 22, 2019",9:00p,Golden State Warriors,109,Utah Jazz,113,"18,306",
"Fri, Nov 22, 2019",10:30p,Houston Rockets,119,Los Angeles Clippers,122,"19,068",
"Sat, Nov 23, 2019",5:00p,Phoenix Suns,100,Minnesota Timberwolves,98,"17,362",
"Sat, Nov 23, 2019",7:00p,Chicago Bulls,116,Charlotte Hornets,115,"17,891",
"Sat, Nov 23, 2019",7:00p,Orlando Magic,106,Indiana Pacers,111,"16,446",
"Sat, Nov 23, 2019",7:30p,Toronto Raptors,119,Atlanta Hawks,116,"16,931",
"Sat, Nov 23, 2019",7:30p,San Antonio Spurs,111,New York Knicks,104,"19,320",
"Sat, Nov 23, 2019",7:30p,Miami Heat,86,Philadelphia 76ers,113,"21,017",
"Sat, Nov 23, 2019",8:00p,Portland Trail Blazers,104,Cleveland Cavaliers,110,"19,432",
"Sat, Nov 23, 2019",8:00p,Los Angeles Lakers,109,Memphis Grizzlies,108,"17,794",
"Sat, Nov 23, 2019",8:30p,Detroit Pistons,90,Milwaukee Bucks,104,"17,585",
"Sat, Nov 23, 2019",9:00p,New Orleans Pelicans,120,Utah Jazz,128,"18,306",
"Sun, Nov 24, 2019",3:30p,Dallas Mavericks,137,Houston Rockets,123,"18,055",
"Sun, Nov 24, 2019",6:00p,Brooklyn Nets,103,New York Knicks,101,"18,770",
"Sun, Nov 24, 2019",6:00p,Sacramento Kings,113,Washington Wizards,106,"15,885",
"Sun, Nov 24, 2019",8:00p,Phoenix Suns,104,Denver Nuggets,116,"19,520",
"Sun, Nov 24, 2019",9:00p,New Orleans Pelicans,109,Los Angeles Clippers,134,"19,068",
"Mon, Nov 25, 2019",7:00p,Brooklyn Nets,108,Cleveland Cavaliers,106,"17,143",
"Mon, Nov 25, 2019",7:00p,Orlando Magic,88,Detroit Pistons,103,"14,695",
"Mon, Nov 25, 2019",7:00p,Memphis Grizzlies,114,Indiana Pacers,126,"15,141",
"Mon, Nov 25, 2019",7:30p,Minnesota Timberwolves,125,Atlanta Hawks,113,"16,218",
"Mon, Nov 25, 2019",7:30p,Sacramento Kings,102,Boston Celtics,103,"19,156",
"Mon, Nov 25, 2019",7:30p,Charlotte Hornets,100,Miami Heat,117,"19,600",
"Mon, Nov 25, 2019",7:30p,Philadelphia 76ers,96,Toronto Raptors,101,"19,800",
"Mon, Nov 25, 2019",8:00p,Portland Trail Blazers,117,Chicago Bulls,94,"18,776",
"Mon, Nov 25, 2019",8:00p,Utah Jazz,118,Milwaukee Bucks,122,"17,385",
"Mon, Nov 25, 2019",8:30p,Los Angeles Lakers,114,San Antonio Spurs,104,"18,498",
"Mon, Nov 25, 2019",10:30p,Oklahoma City Thunder,100,Golden State Warriors,97,"18,064",
"Tue, Nov 26, 2019",8:30p,Los Angeles Clippers,114,Dallas Mavericks,99,"20,407",
"Tue, Nov 26, 2019",9:00p,Washington Wizards,104,Denver Nuggets,117,"18,673",
"Wed, Nov 27, 2019",7:00p,Brooklyn Nets,110,Boston Celtics,121,"19,156",
"Wed, Nov 27, 2019",7:00p,Detroit Pistons,101,Charlotte Hornets,102,"15,535",
"Wed, Nov 27, 2019",7:00p,Orlando Magic,116,Cleveland Cavaliers,104,"17,712",
"Wed, Nov 27, 2019",7:00p,Utah Jazz,102,Indiana Pacers,121,"17,027",
"Wed, Nov 27, 2019",7:00p,Sacramento Kings,91,Philadelphia 76ers,97,"20,592",
"Wed, Nov 27, 2019",7:30p,New York Knicks,98,Toronto Raptors,126,"19,800",
"Wed, Nov 27, 2019",8:00p,Miami Heat,108,Houston Rockets,117,"18,055",
"Wed, Nov 27, 2019",8:00p,Los Angeles Clippers,121,Memphis Grizzlies,119,"16,721",
"Wed, Nov 27, 2019",8:00p,Atlanta Hawks,102,Milwaukee Bucks,111,"17,525",
"Wed, Nov 27, 2019",8:30p,Minnesota Timberwolves,113,San Antonio Spurs,101,"18,354",
"Wed, Nov 27, 2019",9:00p,Washington Wizards,140,Phoenix Suns,132,"14,123",
"Wed, Nov 27, 2019",9:30p,Los Angeles Lakers,114,New Orleans Pelicans,110,"18,626",
"Wed, Nov 27, 2019",10:00p,Oklahoma City Thunder,119,Portland Trail Blazers,136,"19,870",
"Wed, Nov 27, 2019",10:30p,Chicago Bulls,90,Golden State Warriors,104,"18,064",
"Fri, Nov 29, 2019",12:00p,Boston Celtics,107,Brooklyn Nets,112,"17,732",
"Fri, Nov 29, 2019",7:00p,Charlotte Hornets,110,Detroit Pistons,107,"15,006",
"Fri, Nov 29, 2019",7:00p,Toronto Raptors,90,Orlando Magic,83,"17,014",
"Fri, Nov 29, 2019",7:30p,Milwaukee Bucks,119,Cleveland Cavaliers,110,"19,432",
"Fri, Nov 29, 2019",7:30p,Philadelphia 76ers,101,New York Knicks,95,"18,109",
"Fri, Nov 29, 2019",8:00p,Atlanta Hawks,104,Indiana Pacers,105,"15,827",
"Fri, Nov 29, 2019",8:00p,Utah Jazz,103,Memphis Grizzlies,94,"16,605",
"Fri, Nov 29, 2019",8:00p,Golden State Warriors,105,Miami Heat,122,"19,600",
"Fri, Nov 29, 2019",8:00p,New Orleans Pelicans,104,Oklahoma City Thunder,109,"18,203",
"Fri, Nov 29, 2019",8:30p,Los Angeles Clippers,97,San Antonio Spurs,107,"18,354",
"Fri, Nov 29, 2019",9:00p,Dallas Mavericks,120,Phoenix Suns,113,"18,055",
"Fri, Nov 29, 2019",10:00p,Chicago Bulls,103,Portland Trail Blazers,107,"20,139",
"Fri, Nov 29, 2019",10:30p,Washington Wizards,103,Los Angeles Lakers,125,"18,997",
"Sat, Nov 30, 2019",5:00p,Denver Nuggets,97,Sacramento Kings,100,"17,583",
"Sat, Nov 30, 2019",7:00p,Indiana Pacers,116,Philadelphia 76ers,119,"20,517",
"Sat, Nov 30, 2019",8:00p,Atlanta Hawks,111,Houston Rockets,158,"18,055",
"Sat, Nov 30, 2019",8:00p,Charlotte Hornets,96,Milwaukee Bucks,137,"17,550",
"Sun, Dec 1, 2019",3:00p,Miami Heat,109,Brooklyn Nets,106,"17,026",
"Sun, Dec 1, 2019",3:30p,Memphis Grizzlies,115,Minnesota Timberwolves,107,"12,276",
"Sun, Dec 1, 2019",3:30p,Boston Celtics,113,New York Knicks,104,"18,005",
"Sun, Dec 1, 2019",4:00p,Dallas Mavericks,114,Los Angeles Lakers,100,"18,997",
"Sun, Dec 1, 2019",5:00p,San Antonio Spurs,98,Detroit Pistons,132,"14,270",
"Sun, Dec 1, 2019",5:00p,Oklahoma City Thunder,107,New Orleans Pelicans,104,"15,427",
"Sun, Dec 1, 2019",6:00p,Golden State Warriors,96,Orlando Magic,100,"15,052",
"Sun, Dec 1, 2019",6:00p,Utah Jazz,110,Toronto Raptors,130,"18,132",
"Sun, Dec 1, 2019",10:30p,Washington Wizards,125,Los Angeles Clippers,150,"19,068",
"Mon, Dec 2, 2019",7:00p,Phoenix Suns,109,Charlotte Hornets,104,"11,221",
"Mon, Dec 2, 2019",7:00p,Utah Jazz,94,Philadelphia 76ers,103,"20,208",
"Mon, Dec 2, 2019",7:30p,Golden State Warriors,79,Atlanta Hawks,104,"14,278",
"Mon, Dec 2, 2019",8:00p,Indiana Pacers,117,Memphis Grizzlies,104,"11,919",
"Mon, Dec 2, 2019",8:00p,New York Knicks,88,Milwaukee Bucks,132,"17,385",
"Mon, Dec 2, 2019",10:00p,Chicago Bulls,113,Sacramento Kings,106,"17,257",
"Tue, Dec 3, 2019",7:00p,Detroit Pistons,127,Cleveland Cavaliers,94,"17,504",
"Tue, Dec 3, 2019",7:00p,Orlando Magic,127,Washington Wizards,120,"13,159",
"Tue, Dec 3, 2019",7:30p,Dallas Mavericks,118,New Orleans Pelicans,97,"14,664",
"Tue, Dec 3, 2019",7:30p,Miami Heat,121,Toronto Raptors,110,"19,800",
"Tue, Dec 3, 2019",8:30p,Houston Rockets,133,San Antonio Spurs,135,"18,354",
"Tue, Dec 3, 2019",9:00p,Los Angeles Lakers,105,Denver Nuggets,96,"19,658",
"Tue, Dec 3, 2019",10:00p,Portland Trail Blazers,97,Los Angeles Clippers,117,"19,068",
"Wed, Dec 4, 2019",7:00p,Golden State Warriors,91,Charlotte Hornets,106,"14,355",
"Wed, Dec 4, 2019",7:00p,Milwaukee Bucks,127,Detroit Pistons,103,"15,742",
"Wed, Dec 4, 2019",7:00p,Phoenix Suns,114,Orlando Magic,128,"15,176",
"Wed, Dec 4, 2019",7:30p,Brooklyn Nets,130,Atlanta Hawks,118,"15,694",
"Wed, Dec 4, 2019",7:30p,Miami Heat,93,Boston Celtics,112,"19,156",
"Wed, Dec 4, 2019",8:00p,Memphis Grizzlies,99,Chicago Bulls,106,"15,017",
"Wed, Dec 4, 2019",8:00p,Indiana Pacers,107,Oklahoma City Thunder,100,"18,203",
"Wed, Dec 4, 2019",8:30p,Minnesota Timberwolves,114,Dallas Mavericks,121,"19,671",
"Wed, Dec 4, 2019",9:00p,Los Angeles Lakers,121,Utah Jazz,96,"18,306",
"Wed, Dec 4, 2019",10:00p,Sacramento Kings,116,Portland Trail Blazers,127,"19,393",
"Thu, Dec 5, 2019",7:00p,Philadelphia 76ers,113,Washington Wizards,119,"16,554",
"Thu, Dec 5, 2019",7:30p,Denver Nuggets,129,New York Knicks,92,"18,171",
"Thu, Dec 5, 2019",7:30p,Houston Rockets,119,Toronto Raptors,109,"19,800",
"Thu, Dec 5, 2019",8:00p,Phoenix Suns,139,New Orleans Pelicans,132,"15,607",
"Fri, Dec 6, 2019",7:00p,Brooklyn Nets,111,Charlotte Hornets,104,"15,075",
"Fri, Dec 6, 2019",7:00p,Orlando Magic,93,Cleveland Cavaliers,87,"18,446",
"Fri, Dec 6, 2019",7:00p,Indiana Pacers,101,Detroit Pistons,108,"14,894",
"Fri, Dec 6, 2019",8:00p,Denver Nuggets,95,Boston Celtics,108,"19,156",
"Fri, Dec 6, 2019",8:00p,Golden State Warriors,100,Chicago Bulls,98,"18,841",
"Fri, Dec 6, 2019",8:00p,Washington Wizards,103,Miami Heat,112,"19,600",
"Fri, Dec 6, 2019",8:00p,Minnesota Timberwolves,127,Oklahoma City Thunder,139,"18,203",
"Fri, Dec 6, 2019",8:30p,Los Angeles Clippers,91,Milwaukee Bucks,119,"17,732",
"Fri, Dec 6, 2019",8:30p,Sacramento Kings,104,San Antonio Spurs,105,"18,354",
"Fri, Dec 6, 2019",10:30p,Los Angeles Lakers,136,Portland Trail Blazers,113,"19,912",
"Sat, Dec 7, 2019",2:00p,New Orleans Pelicans,84,Dallas Mavericks,130,"19,456",
"Sat, Dec 7, 2019",7:30p,Indiana Pacers,104,New York Knicks,103,"19,110",
"Sat, Dec 7, 2019",7:30p,Cleveland Cavaliers,94,Philadelphia 76ers,141,"20,844",
"Sat, Dec 7, 2019",8:00p,Phoenix Suns,109,Houston Rockets,115,"18,055",
"Sat, Dec 7, 2019",10:00p,Memphis Grizzlies,112,Utah Jazz,126,"18,306",
"Sun, Dec 8, 2019",3:00p,Denver Nuggets,102,Brooklyn Nets,105,"16,679",
"Sun, Dec 8, 2019",5:00p,Atlanta Hawks,122,Charlotte Hornets,107,"15,489",
"Sun, Dec 8, 2019",6:00p,Chicago Bulls,105,Miami Heat,110,"19,600",
"Sun, Dec 8, 2019",6:00p,Toronto Raptors,104,Philadelphia 76ers,110,"20,313",
"Sun, Dec 8, 2019",6:00p,Los Angeles Clippers,135,Washington Wizards,119,"15,946",
"Sun, Dec 8, 2019",7:00p,Sacramento Kings,110,Dallas Mavericks,106,"19,566",
"Sun, Dec 8, 2019",9:00p,Oklahoma City Thunder,108,Portland Trail Blazers,96,"19,393",
"Sun, Dec 8, 2019",9:30p,Minnesota Timberwolves,125,Los Angeles Lakers,142,"18,997",
"Mon, Dec 9, 2019",7:00p,Los Angeles Clippers,110,Indiana Pacers,99,"14,644",
"Mon, Dec 9, 2019",7:30p,Cleveland Cavaliers,88,Boston Celtics,110,"19,156",
"Mon, Dec 9, 2019",8:00p,Toronto Raptors,93,Chicago Bulls,92,"14,775",
"Mon, Dec 9, 2019",8:00p,Sacramento Kings,119,Houston Rockets,118,"18,055",
"Mon, Dec 9, 2019",8:00p,Orlando Magic,101,Milwaukee Bucks,110,"17,385",
"Mon, Dec 9, 2019",8:00p,Detroit Pistons,105,New Orleans Pelicans,103,"13,694",
"Mon, Dec 9, 2019",9:00p,Minnesota Timberwolves,109,Phoenix Suns,125,"13,230",
"Mon, Dec 9, 2019",9:00p,Oklahoma City Thunder,104,Utah Jazz,90,"18,306",
"Mon, Dec 9, 2019",10:30p,Memphis Grizzlies,110,Golden State Warriors,102,"18,064",
"Tue, Dec 10, 2019",7:00p,Washington Wizards,107,Charlotte Hornets,114,"10,626",
"Tue, Dec 10, 2019",8:00p,Atlanta Hawks,121,Miami Heat,135,"19,600",
"Tue, Dec 10, 2019",8:00p,Denver Nuggets,92,Philadelphia 76ers,97,"20,591",
"Tue, Dec 10, 2019",10:00p,New York Knicks,87,Portland Trail Blazers,115,"19,393",
"Wed, Dec 11, 2019",7:00p,Houston Rockets,116,Cleveland Cavaliers,110,"17,122",
"Wed, Dec 11, 2019",7:00p,Boston Celtics,117,Indiana Pacers,122,"15,637",
"Wed, Dec 11, 2019",7:00p,Los Angeles Lakers,96,Orlando Magic,87,"18,846",
"Wed, Dec 11, 2019",7:00p,Los Angeles Clippers,112,Toronto Raptors,92,"20,144",
"Wed, Dec 11, 2019",7:30p,Charlotte Hornets,113,Brooklyn Nets,108,"15,631",
"Wed, Dec 11, 2019",8:00p,Atlanta Hawks,102,Chicago Bulls,136,"15,084",
"Wed, Dec 11, 2019",8:00p,Utah Jazz,127,Minnesota Timberwolves,116,"12,369",
"Wed, Dec 11, 2019",9:00p,Memphis Grizzlies,115,Phoenix Suns,108,"12,254",
"Wed, Dec 11, 2019",9:30p,New Orleans Pelicans,112,Milwaukee Bucks,127,"17,385",
"Wed, Dec 11, 2019",10:00p,Oklahoma City Thunder,93,Sacramento Kings,94,"16,723",
"Wed, Dec 11, 2019",10:30p,New York Knicks,124,Golden State Warriors,122,"18,064",
"Thu, Dec 12, 2019",8:00p,Philadelphia 76ers,115,Boston Celtics,109,"19,156",
"Thu, Dec 12, 2019",8:30p,Cleveland Cavaliers,118,San Antonio Spurs,109,"18,354",
"Thu, Dec 12, 2019",9:00p,Dallas Mavericks,122,Detroit Pistons,111,"20,064","at Mexico City, Mexico"
"Thu, Dec 12, 2019",10:30p,Portland Trail Blazers,99,Denver Nuggets,114,"18,828",
"Fri, Dec 13, 2019",7:00p,Los Angeles Lakers,113,Miami Heat,110,"20,013",
"Fri, Dec 13, 2019",7:00p,Houston Rockets,130,Orlando Magic,107,"16,335",
"Fri, Dec 13, 2019",7:00p,New Orleans Pelicans,109,Philadelphia 76ers,116,"20,620",
"Fri, Dec 13, 2019",7:30p,Indiana Pacers,110,Atlanta Hawks,100,"15,121",
"Fri, Dec 13, 2019",8:00p,Charlotte Hornets,83,Chicago Bulls,73,"18,377",
"Fri, Dec 13, 2019",8:00p,Milwaukee Bucks,127,Memphis Grizzlies,114,"16,109",
"Fri, Dec 13, 2019",9:00p,Golden State Warriors,106,Utah Jazz,114,"18,306",
"Fri, Dec 13, 2019",9:30p,Los Angeles Clippers,124,Minnesota Timberwolves,117,"17,585",
"Fri, Dec 13, 2019",10:00p,New York Knicks,103,Sacramento Kings,101,"17,583",
"Sat, Dec 14, 2019",5:00p,San Antonio Spurs,121,Phoenix Suns,119,"20,013","at Mexico City, Mexico"
"Sat, Dec 14, 2019",7:30p,Brooklyn Nets,102,Toronto Raptors,110,"19,800",
"Sat, Dec 14, 2019",8:00p,Los Angeles Clippers,106,Chicago Bulls,109,"18,426",
"Sat, Dec 14, 2019",8:00p,Washington Wizards,111,Memphis Grizzlies,128,"15,631",
"Sat, Dec 14, 2019",8:30p,Miami Heat,122,Dallas Mavericks,118,"20,333",
"Sat, Dec 14, 2019",8:30p,Cleveland Cavaliers,108,Milwaukee Bucks,125,"17,481",
"Sat, Dec 14, 2019",9:00p,Oklahoma City Thunder,102,Denver Nuggets,110,"19,520",
"Sat, Dec 14, 2019",9:00p,Detroit Pistons,115,Houston Rockets,107,"18,055",
"Sun, Dec 15, 2019",3:30p,Orlando Magic,130,New Orleans Pelicans,119,"15,388",
"Sun, Dec 15, 2019",5:00p,Charlotte Hornets,85,Indiana Pacers,107,"16,061",
"Sun, Dec 15, 2019",6:00p,Los Angeles Lakers,101,Atlanta Hawks,96,"16,962",
"Sun, Dec 15, 2019",6:00p,Philadelphia 76ers,89,Brooklyn Nets,109,"17,732",
"Sun, Dec 15, 2019",8:00p,New York Knicks,105,Denver Nuggets,111,"18,867",
"Sun, Dec 15, 2019",8:30p,Sacramento Kings,100,Golden State Warriors,79,"18,064",
"Mon, Dec 16, 2019",7:00p,Washington Wizards,133,Detroit Pistons,119,"14,632",
"Mon, Dec 16, 2019",7:30p,Cleveland Cavaliers,113,Toronto Raptors,133,"19,800",
"Mon, Dec 16, 2019",8:00p,San Antonio Spurs,107,Houston Rockets,109,"18,055",
"Mon, Dec 16, 2019",8:00p,Miami Heat,111,Memphis Grizzlies,118,"14,021",
"Mon, Dec 16, 2019",8:00p,Dallas Mavericks,120,Milwaukee Bucks,116,"17,727",
"Mon, Dec 16, 2019",8:00p,Chicago Bulls,106,Oklahoma City Thunder,109,"18,203",
"Mon, Dec 16, 2019",9:00p,Portland Trail Blazers,111,Phoenix Suns,110,"14,193",
"Tue, Dec 17, 2019",7:00p,Sacramento Kings,102,Charlotte Hornets,110,"13,229",
"Tue, Dec 17, 2019",7:00p,Los Angeles Lakers,102,Indiana Pacers,105,"17,923",
"Tue, Dec 17, 2019",7:30p,Atlanta Hawks,120,New York Knicks,143,"18,268",
"Tue, Dec 17, 2019",8:00p,Brooklyn Nets,108,New Orleans Pelicans,101,"15,177",
"Tue, Dec 17, 2019",9:00p,Orlando Magic,102,Utah Jazz,109,"18,306",
"Tue, Dec 17, 2019",10:30p,Phoenix Suns,99,Los Angeles Clippers,120,"19,068",
"Wed, Dec 18, 2019",7:00p,Charlotte Hornets,98,Cleveland Cavaliers,100,"17,023",
"Wed, Dec 18, 2019",7:00p,Toronto Raptors,112,Detroit Pistons,99,"15,319",
"Wed, Dec 18, 2019",7:00p,Miami Heat,108,Philadelphia 76ers,104,"20,715",
"Wed, Dec 18, 2019",7:00p,Chicago Bulls,110,Washington Wizards,109,"14,987",
"Wed, Dec 18, 2019",8:00p,New Orleans Pelicans,107,Minnesota Timberwolves,99,"12,490",
"Wed, Dec 18, 2019",8:00p,Memphis Grizzlies,122,Oklahoma City Thunder,126,"18,203",
"Wed, Dec 18, 2019",9:00p,Orlando Magic,104,Denver Nuggets,113,"18,182",
"Wed, Dec 18, 2019",9:30p,Boston Celtics,109,Dallas Mavericks,103,"20,181",
"Wed, Dec 18, 2019",10:00p,Golden State Warriors,112,Portland Trail Blazers,122,"19,393",
"Thu, Dec 19, 2019",7:30p,Utah Jazz,111,Atlanta Hawks,106,"16,739",
"Thu, Dec 19, 2019",8:00p,Los Angeles Lakers,104,Milwaukee Bucks,111,"18,051",
"Thu, Dec 19, 2019",8:30p,Brooklyn Nets,105,San Antonio Spurs,118,"18,354",
"Thu, Dec 19, 2019",10:30p,Houston Rockets,122,Los Angeles Clippers,117,"19,068",
"Fri, Dec 20, 2019",7:00p,Memphis Grizzlies,107,Cleveland Cavaliers,114,"19,432",
"Fri, Dec 20, 2019",7:00p,Sacramento Kings,105,Indiana Pacers,119,"14,649",
"Fri, Dec 20, 2019",7:30p,Detroit Pistons,93,Boston Celtics,114,"19,156",
"Fri, Dec 20, 2019",7:30p,Washington Wizards,118,Toronto Raptors,122,"19,800",
"Fri, Dec 20, 2019",8:00p,New York Knicks,114,Miami Heat,129,"19,704",
"Fri, Dec 20, 2019",8:00p,Phoenix Suns,108,Oklahoma City Thunder,126,"18,203",
"Fri, Dec 20, 2019",8:00p,Dallas Mavericks,117,Philadelphia 76ers,98,"20,778",
"Fri, Dec 20, 2019",9:00p,Minnesota Timberwolves,100,Denver Nuggets,109,"19,520",
"Fri, Dec 20, 2019",10:00p,Orlando Magic,103,Portland Trail Blazers,118,"19,393",
"Fri, Dec 20, 2019",10:30p,New Orleans Pelicans,102,Golden State Warriors,106,"18,064",
"Sat, Dec 21, 2019",5:00p,Utah Jazz,114,Charlotte Hornets,107,"16,187",
"Sat, Dec 21, 2019",6:00p,Atlanta Hawks,112,Brooklyn Nets,122,"16,496",
"Sat, Dec 21, 2019",7:00p,Chicago Bulls,119,Detroit Pistons,107,"15,948",
"Sat, Dec 21, 2019",7:00p,Washington Wizards,108,Philadelphia 76ers,125,"20,529",
"Sat, Dec 21, 2019",7:30p,Milwaukee Bucks,123,New York Knicks,102,"18,124",
"Sat, Dec 21, 2019",8:00p,Sacramento Kings,115,Memphis Grizzlies,119,"15,603",
"Sat, Dec 21, 2019",8:30p,Los Angeles Clippers,134,San Antonio Spurs,109,"18,354",
"Sat, Dec 21, 2019",9:00p,Houston Rockets,139,Phoenix Suns,125,"16,061",
"Sat, Dec 21, 2019",10:00p,Minnesota Timberwolves,106,Portland Trail Blazers,113,"19,393",
"Sun, Dec 22, 2019",3:30p,Dallas Mavericks,107,Toronto Raptors,110,"19,800",
"Sun, Dec 22, 2019",6:00p,Charlotte Hornets,93,Boston Celtics,119,"19,156",
"Sun, Dec 22, 2019",7:00p,Indiana Pacers,89,Milwaukee Bucks,117,"18,029",
"Sun, Dec 22, 2019",7:00p,Los Angeles Clippers,112,Oklahoma City Thunder,118,"18,203",
"Sun, Dec 22, 2019",9:30p,Denver Nuggets,128,Los Angeles Lakers,104,"18,997",
"Mon, Dec 23, 2019",7:00p,Atlanta Hawks,118,Cleveland Cavaliers,121,"18,007",
"Mon, Dec 23, 2019",7:00p,Philadelphia 76ers,125,Detroit Pistons,109,"16,476",
"Mon, Dec 23, 2019",7:00p,Toronto Raptors,115,Indiana Pacers,120,"17,164",
"Mon, Dec 23, 2019",7:00p,Washington Wizards,121,New York Knicks,115,"19,413",
"Mon, Dec 23, 2019",7:00p,Chicago Bulls,95,Orlando Magic,103,"18,846",
"Mon, Dec 23, 2019",7:30p,Utah Jazz,104,Miami Heat,107,"19,890",
"Mon, Dec 23, 2019",8:00p,San Antonio Spurs,145,Memphis Grizzlies,115,"16,776",
"Mon, Dec 23, 2019",9:00p,Denver Nuggets,113,Phoenix Suns,111,"16,041",
"Mon, Dec 23, 2019",10:00p,New Orleans Pelicans,102,Portland Trail Blazers,94,"19,499",
"Mon, Dec 23, 2019",10:00p,Houston Rockets,113,Sacramento Kings,104,"17,583",
"Mon, Dec 23, 2019",10:30p,Minnesota Timberwolves,104,Golden State Warriors,113,"18,064",
"Wed, Dec 25, 2019",12:00p,Boston Celtics,118,Toronto Raptors,102,"19,800",
"Wed, Dec 25, 2019",2:30p,Milwaukee Bucks,109,Philadelphia 76ers,121,"21,028",
"Wed, Dec 25, 2019",5:00p,Houston Rockets,104,Golden State Warriors,116,"18,064",
"Wed, Dec 25, 2019",8:00p,Los Angeles Clippers,111,Los Angeles Lakers,106,"18,997",
"Wed, Dec 25, 2019",10:30p,New Orleans Pelicans,112,Denver Nuggets,100,"19,520",
"Thu, Dec 26, 2019",7:00p,Washington Wizards,102,Detroit Pistons,132,"17,188",
"Thu, Dec 26, 2019",7:30p,New York Knicks,94,Brooklyn Nets,82,"17,732",
"Thu, Dec 26, 2019",8:00p,San Antonio Spurs,98,Dallas Mavericks,102,"20,427",
"Thu, Dec 26, 2019",8:00p,Memphis Grizzlies,110,Oklahoma City Thunder,97,"18,203",
"Thu, Dec 26, 2019",10:00p,Minnesota Timberwolves,105,Sacramento Kings,104,"17,583",
"Thu, Dec 26, 2019",10:30p,Portland Trail Blazers,115,Utah Jazz,121,"18,306",
"Fri, Dec 27, 2019",4:00p,Cleveland Cavaliers,117,Boston Celtics,129,"19,156",
"Fri, Dec 27, 2019",7:00p,Oklahoma City Thunder,104,Charlotte Hornets,102,"18,418",
"Fri, Dec 27, 2019",7:00p,Philadelphia 76ers,97,Orlando Magic,98,"17,311",
"Fri, Dec 27, 2019",7:30p,Milwaukee Bucks,112,Atlanta Hawks,86,"17,358",
"Fri, Dec 27, 2019",8:00p,Indiana Pacers,112,Miami Heat,113,"19,767",
"Fri, Dec 27, 2019",10:30p,Phoenix Suns,96,Golden State Warriors,105,"18,064",
"Sat, Dec 28, 2019",5:00p,Memphis Grizzlies,110,Denver Nuggets,119,"19,697",
"Sat, Dec 28, 2019",7:00p,Toronto Raptors,113,Boston Celtics,97,"19,156",
"Sat, Dec 28, 2019",7:00p,Indiana Pacers,98,New Orleans Pelicans,120,"15,391",
"Sat, Dec 28, 2019",8:00p,Atlanta Hawks,81,Chicago Bulls,116,"21,496",
"Sat, Dec 28, 2019",8:00p,Brooklyn Nets,98,Houston Rockets,108,"18,306",
"Sat, Dec 28, 2019",8:00p,Philadelphia 76ers,116,Miami Heat,117,"19,865",
"Sat, Dec 28, 2019",8:00p,Cleveland Cavaliers,94,Minnesota Timberwolves,88,"15,411",
"Sat, Dec 28, 2019",8:00p,New York Knicks,107,Washington Wizards,100,"19,033",
"Sat, Dec 28, 2019",8:30p,Dallas Mavericks,141,Golden State Warriors,121,"18,064",
"Sat, Dec 28, 2019",8:30p,Orlando Magic,100,Milwaukee Bucks,111,"17,920",
"Sat, Dec 28, 2019",8:30p,Detroit Pistons,109,San Antonio Spurs,136,"18,524",
"Sat, Dec 28, 2019",9:00p,Phoenix Suns,112,Sacramento Kings,110,"17,583",
"Sat, Dec 28, 2019",10:00p,Los Angeles Lakers,128,Portland Trail Blazers,120,"19,960",
"Sat, Dec 28, 2019",10:30p,Utah Jazz,120,Los Angeles Clippers,107,"19,068",
"Sun, Dec 29, 2019",6:00p,Oklahoma City Thunder,98,Toronto Raptors,97,"19,800",
"Sun, Dec 29, 2019",8:00p,Sacramento Kings,115,Denver Nuggets,120,"19,520",
"Sun, Dec 29, 2019",8:00p,Charlotte Hornets,104,Memphis Grizzlies,117,"16,842",
"Sun, Dec 29, 2019",8:00p,Houston Rockets,112,New Orleans Pelicans,127,"17,712",
"Sun, Dec 29, 2019",9:30p,Dallas Mavericks,95,Los Angeles Lakers,108,"18,997",
"Mon, Dec 30, 2019",7:00p,Atlanta Hawks,101,Orlando Magic,93,"17,784",
"Mon, Dec 30, 2019",7:00p,Miami Heat,105,Washington Wizards,123,"20,476",
"Mon, Dec 30, 2019",8:00p,Milwaukee Bucks,123,Chicago Bulls,102,"21,954",
"Mon, Dec 30, 2019",8:00p,Brooklyn Nets,115,Minnesota Timberwolves,122,"15,824",
"Mon, Dec 30, 2019",9:00p,Detroit Pistons,81,Utah Jazz,104,"18,306",
"Mon, Dec 30, 2019",10:00p,Phoenix Suns,122,Portland Trail Blazers,116,"19,896",
"Tue, Dec 31, 2019",3:00p,Boston Celtics,109,Charlotte Hornets,92,"19,216",
"Tue, Dec 31, 2019",3:00p,Philadelphia 76ers,97,Indiana Pacers,115,"17,923",
"Tue, Dec 31, 2019",5:00p,Los Angeles Clippers,105,Sacramento Kings,87,"16,231",
"Tue, Dec 31, 2019",7:00p,Denver Nuggets,104,Houston Rockets,130,"18,055",
"Tue, Dec 31, 2019",7:00p,Golden State Warriors,113,San Antonio Spurs,117,"18,354",
"Tue, Dec 31, 2019",7:00p,Cleveland Cavaliers,97,Toronto Raptors,117,"19,800",
"Tue, Dec 31, 2019",8:00p,Dallas Mavericks,101,Oklahoma City Thunder,106,"18,203",
"Wed, Jan 1, 2020",6:00p,Orlando Magic,122,Washington Wizards,101,"14,921",
"Wed, Jan 1, 2020",7:30p,Portland Trail Blazers,93,New York Knicks,117,"19,812",
"Wed, Jan 1, 2020",8:00p,Minnesota Timberwolves,104,Milwaukee Bucks,106,"17,819",
"Wed, Jan 1, 2020",10:30p,Phoenix Suns,107,Los Angeles Lakers,117,"18,997",
"Thu, Jan 2, 2020",7:00p,Charlotte Hornets,109,Cleveland Cavaliers,106,"17,859",
"Thu, Jan 2, 2020",7:00p,Denver Nuggets,124,Indiana Pacers,116,"16,688",
"Thu, Jan 2, 2020",7:30p,Toronto Raptors,76,Miami Heat,84,"19,939",
"Thu, Jan 2, 2020",8:00p,Utah Jazz,102,Chicago Bulls,98,"19,398",
"Thu, Jan 2, 2020",8:00p,Golden State Warriors,84,Minnesota Timberwolves,99,"15,477",
"Thu, Jan 2, 2020",8:30p,Brooklyn Nets,111,Dallas Mavericks,123,"20,289",
"Thu, Jan 2, 2020",8:30p,Oklahoma City Thunder,109,San Antonio Spurs,103,"18,354",
"Thu, Jan 2, 2020",10:00p,Memphis Grizzlies,123,Sacramento Kings,128,"17,351",
"Thu, Jan 2, 2020",10:30p,Detroit Pistons,112,Los Angeles Clippers,126,"19,068",
"Fri, Jan 3, 2020",7:00p,Atlanta Hawks,106,Boston Celtics,109,"19,156",
"Fri, Jan 3, 2020",7:00p,Miami Heat,85,Orlando Magic,105,"17,198",
"Fri, Jan 3, 2020",7:00p,Portland Trail Blazers,122,Washington Wizards,103,"17,945",
"Fri, Jan 3, 2020",8:00p,Philadelphia 76ers,108,Houston Rockets,118,"18,055",
"Fri, Jan 3, 2020",9:00p,New York Knicks,112,Phoenix Suns,120,"18,055",
"Fri, Jan 3, 2020",10:30p,New Orleans Pelicans,113,Los Angeles Lakers,123,"18,997",
"Sat, Jan 4, 2020",3:30p,Memphis Grizzlies,140,Los Angeles Clippers,114,"19,068",
"Sat, Jan 4, 2020",6:00p,Toronto Raptors,121,Brooklyn Nets,102,"17,732",
"Sat, Jan 4, 2020",7:00p,Utah Jazz,109,Orlando Magic,96,"16,913",
"Sat, Jan 4, 2020",7:30p,Indiana Pacers,111,Atlanta Hawks,116,"16,420",
"Sat, Jan 4, 2020",7:30p,Oklahoma City Thunder,121,Cleveland Cavaliers,106,"19,432",
"Sat, Jan 4, 2020",8:00p,Boston Celtics,111,Chicago Bulls,104,"21,130",
"Sat, Jan 4, 2020",8:00p,Denver Nuggets,114,Washington Wizards,128,"16,233",
"Sat, Jan 4, 2020",8:30p,Charlotte Hornets,123,Dallas Mavericks,120,"20,327",
"Sat, Jan 4, 2020",8:30p,Detroit Pistons,111,Golden State Warriors,104,"18,064",
"Sat, Jan 4, 2020",8:30p,San Antonio Spurs,118,Milwaukee Bucks,127,"18,002",
"Sat, Jan 4, 2020",10:00p,New Orleans Pelicans,117,Sacramento Kings,115,"16,808",
"Sun, Jan 5, 2020",3:30p,New York Knicks,132,Los Angeles Clippers,135,"19,068",
"Sun, Jan 5, 2020",6:00p,Portland Trail Blazers,111,Miami Heat,122,"19,846",
"Sun, Jan 5, 2020",7:30p,Minnesota Timberwolves,118,Cleveland Cavaliers,103,"16,159",
"Sun, Jan 5, 2020",8:00p,Memphis Grizzlies,121,Phoenix Suns,114,"14,181",
"Sun, Jan 5, 2020",10:00p,Detroit Pistons,99,Los Angeles Lakers,106,"18,997",
"Mon, Jan 6, 2020",7:00p,Indiana Pacers,115,Charlotte Hornets,104,"13,009",
"Mon, Jan 6, 2020",7:00p,Brooklyn Nets,89,Orlando Magic,101,"15,008",
"Mon, Jan 6, 2020",7:00p,Oklahoma City Thunder,113,Philadelphia 76ers,120,"20,561",
"Mon, Jan 6, 2020",7:00p,Boston Celtics,94,Washington Wizards,99,"17,963",
"Mon, Jan 6, 2020",7:30p,Denver Nuggets,123,Atlanta Hawks,115,"15,286",
"Mon, Jan 6, 2020",8:00p,Utah Jazz,128,New Orleans Pelicans,126,"14,138",
"Mon, Jan 6, 2020",8:30p,Chicago Bulls,110,Dallas Mavericks,118,"20,238",
"Mon, Jan 6, 2020",8:30p,Milwaukee Bucks,104,San Antonio Spurs,126,"18,354",
"Mon, Jan 6, 2020",10:00p,Golden State Warriors,98,Sacramento Kings,111,"15,819",
"Tue, Jan 7, 2020",7:00p,Detroit Pistons,115,Cleveland Cavaliers,113,"17,274",
"Tue, Jan 7, 2020",7:00p,Portland Trail Blazers,101,Toronto Raptors,99,"19,800",
"Tue, Jan 7, 2020",7:30p,Oklahoma City Thunder,111,Brooklyn Nets,103,"15,677",
"Tue, Jan 7, 2020",8:00p,Minnesota Timberwolves,112,Memphis Grizzlies,119,"14,117",
"Tue, Jan 7, 2020",9:00p,Sacramento Kings,114,Phoenix Suns,103,"14,134",
"Tue, Jan 7, 2020",10:30p,New York Knicks,87,Los Angeles Lakers,117,"18,997",
"Wed, Jan 8, 2020",7:00p,San Antonio Spurs,129,Boston Celtics,114,"19,156",
"Wed, Jan 8, 2020",7:00p,Toronto Raptors,112,Charlotte Hornets,110,"13,965",
"Wed, Jan 8, 2020",7:00p,Miami Heat,122,Indiana Pacers,108,"17,040",
"Wed, Jan 8, 2020",7:00p,Washington Wizards,89,Orlando Magic,123,"16,013",
"Wed, Jan 8, 2020",7:30p,Houston Rockets,122,Atlanta Hawks,115,"16,514",
"Wed, Jan 8, 2020",7:30p,Denver Nuggets,107,Dallas Mavericks,106,"20,314",
"Wed, Jan 8, 2020",8:00p,Chicago Bulls,108,New Orleans Pelicans,123,"15,324",
"Wed, Jan 8, 2020",9:00p,New York Knicks,104,Utah Jazz,128,"18,306",
"Wed, Jan 8, 2020",10:00p,Milwaukee Bucks,107,Golden State Warriors,98,"18,064",
"Thu, Jan 9, 2020",7:00p,Cleveland Cavaliers,115,Detroit Pistons,112,"13,445",
"Thu, Jan 9, 2020",7:00p,Boston Celtics,98,Philadelphia 76ers,109,"20,822",
"Thu, Jan 9, 2020",8:00p,Portland Trail Blazers,102,Minnesota Timberwolves,116,"13,720",
"Thu, Jan 9, 2020",9:30p,Houston Rockets,92,Oklahoma City Thunder,113,"18,203",
"Fri, Jan 10, 2020",7:00p,Atlanta Hawks,101,Washington Wizards,111,"16,360",
"Fri, Jan 10, 2020",7:15p,New Orleans Pelicans,123,New York Knicks,111,"18,003",
"Fri, Jan 10, 2020",7:30p,Miami Heat,113,Brooklyn Nets,117,"16,011",
"Fri, Jan 10, 2020",8:00p,Indiana Pacers,116,Chicago Bulls,105,"20,229",
"Fri, Jan 10, 2020",8:00p,San Antonio Spurs,121,Memphis Grizzlies,134,"16,448",
"Fri, Jan 10, 2020",9:00p,Orlando Magic,94,Phoenix Suns,98,"14,562",
"Fri, Jan 10, 2020",9:00p,Charlotte Hornets,92,Utah Jazz,109,"18,306",
"Fri, Jan 10, 2020",9:45p,Los Angeles Lakers,129,Dallas Mavericks,114,"20,542",
"Fri, Jan 10, 2020",10:00p,Milwaukee Bucks,127,Sacramento Kings,106,"17,583",
"Fri, Jan 10, 2020",10:30p,Golden State Warriors,100,Los Angeles Clippers,109,"19,068",
"Sat, Jan 11, 2020",5:00p,Minnesota Timberwolves,109,Houston Rockets,139,"18,055",
"Sat, Jan 11, 2020",7:00p,New Orleans Pelicans,105,Boston Celtics,140,"19,156",
"Sat, Jan 11, 2020",7:00p,Chicago Bulls,108,Detroit Pistons,99,"15,951",
"Sat, Jan 11, 2020",8:00p,Los Angeles Lakers,125,Oklahoma City Thunder,110,"18,203",
"Sat, Jan 11, 2020",8:30p,Philadelphia 76ers,91,Dallas Mavericks,109,"20,244",
"Sat, Jan 11, 2020",9:00p,Cleveland Cavaliers,111,Denver Nuggets,103,"19,533",
"Sat, Jan 11, 2020",10:00p,Milwaukee Bucks,122,Portland Trail Blazers,101,"19,843",
"Sun, Jan 12, 2020",3:30p,Miami Heat,121,New York Knicks,124,"18,861",
"Sun, Jan 12, 2020",3:30p,Utah Jazz,127,Washington Wizards,116,"15,953",
"Sun, Jan 12, 2020",6:00p,Atlanta Hawks,86,Brooklyn Nets,108,"15,201",
"Sun, Jan 12, 2020",6:00p,Golden State Warriors,102,Memphis Grizzlies,122,"16,408",
"Sun, Jan 12, 2020",6:00p,San Antonio Spurs,105,Toronto Raptors,104,"19,800",
"Sun, Jan 12, 2020",8:00p,Los Angeles Clippers,104,Denver Nuggets,114,"19,520",
"Sun, Jan 12, 2020",8:00p,Charlotte Hornets,92,Phoenix Suns,100,"14,751",
"Mon, Jan 13, 2020",7:00p,New Orleans Pelicans,117,Detroit Pistons,110,"13,780",
"Mon, Jan 13, 2020",7:00p,Philadelphia 76ers,95,Indiana Pacers,101,"15,257",
"Mon, Jan 13, 2020",7:30p,Chicago Bulls,101,Boston Celtics,113,"19,156",
"Mon, Jan 13, 2020",8:00p,Oklahoma City Thunder,117,Minnesota Timberwolves,104,"11,044",
"Mon, Jan 13, 2020",10:00p,Charlotte Hornets,112,Portland Trail Blazers,115,"19,111",
"Mon, Jan 13, 2020",10:00p,Orlando Magic,114,Sacramento Kings,112,"16,299",
"Mon, Jan 13, 2020",10:30p,Cleveland Cavaliers,99,Los Angeles Lakers,128,"18,997",
"Tue, Jan 14, 2020",7:30p,Phoenix Suns,110,Atlanta Hawks,123,"16,060",
"Tue, Jan 14, 2020",7:30p,Utah Jazz,118,Brooklyn Nets,107,"15,381",
"Tue, Jan 14, 2020",8:00p,Houston Rockets,110,Memphis Grizzlies,121,"16,181",
"Tue, Jan 14, 2020",8:00p,New York Knicks,102,Milwaukee Bucks,128,"17,590",
"Tue, Jan 14, 2020",10:30p,Dallas Mavericks,124,Golden State Warriors,97,"18,064",
"Tue, Jan 14, 2020",10:30p,Cleveland Cavaliers,103,Los Angeles Clippers,128,"19,068",
"Wed, Jan 15, 2020",7:00p,Detroit Pistons,116,Boston Celtics,103,"19,156",
"Wed, Jan 15, 2020",7:00p,Brooklyn Nets,106,Philadelphia 76ers,117,"20,416",
"Wed, Jan 15, 2020",7:30p,San Antonio Spurs,100,Miami Heat,106,"19,704",
"Wed, Jan 15, 2020",8:00p,Washington Wizards,106,Chicago Bulls,115,"19,382",
"Wed, Jan 15, 2020",8:00p,Indiana Pacers,104,Minnesota Timberwolves,99,"12,648",
"Wed, Jan 15, 2020",8:00p,Toronto Raptors,130,Oklahoma City Thunder,121,"18,203",
"Wed, Jan 15, 2020",9:00p,Charlotte Hornets,86,Denver Nuggets,100,"19,520",
"Wed, Jan 15, 2020",9:30p,Portland Trail Blazers,117,Houston Rockets,107,"18,055",
"Wed, Jan 15, 2020",10:00p,Dallas Mavericks,127,Sacramento Kings,123,"17,029",
"Wed, Jan 15, 2020",10:30p,Orlando Magic,119,Los Angeles Lakers,118,"18,997",
"Thu, Jan 16, 2020",7:30p,Phoenix Suns,121,New York Knicks,98,"18,215",
"Thu, Jan 16, 2020",8:00p,Boston Celtics,123,Milwaukee Bucks,128,"17,873",
"Thu, Jan 16, 2020",8:00p,Utah Jazz,132,New Orleans Pelicans,138,"16,717",
"Thu, Jan 16, 2020",10:30p,Denver Nuggets,134,Golden State Warriors,131,"18,064",
"Thu, Jan 16, 2020",10:30p,Orlando Magic,95,Los Angeles Clippers,122,"19,068",
"Fri, Jan 17, 2020",7:00p,Minnesota Timberwolves,114,Indiana Pacers,116,"16,248",
"Fri, Jan 17, 2020",7:00p,Chicago Bulls,89,Philadelphia 76ers,100,"20,919",
"Fri, Jan 17, 2020",7:00p,Washington Wizards,111,Toronto Raptors,140,"19,800",
"Fri, Jan 17, 2020",8:00p,Cleveland Cavaliers,109,Memphis Grizzlies,113,"17,102",
"Fri, Jan 17, 2020",8:00p,Miami Heat,115,Oklahoma City Thunder,108,"18,203",
"Fri, Jan 17, 2020",8:30p,Atlanta Hawks,121,San Antonio Spurs,120,"18,354",
"Fri, Jan 17, 2020",9:30p,Portland Trail Blazers,112,Dallas Mavericks,120,"20,283",
"Sat, Jan 18, 2020",3:30p,Los Angeles Clippers,133,New Orleans Pelicans,130,"17,959",
"Sat, Jan 18, 2020",6:00p,Milwaukee Bucks,117,Brooklyn Nets,97,"17,732",
"Sat, Jan 18, 2020",7:00p,Phoenix Suns,123,Boston Celtics,119,"19,156",
"Sat, Jan 18, 2020",7:30p,Detroit Pistons,136,Atlanta Hawks,103,"17,056",
"Sat, Jan 18, 2020",7:30p,Philadelphia 76ers,90,New York Knicks,87,"17,812",
"Sat, Jan 18, 2020",8:00p,Cleveland Cavaliers,116,Chicago Bulls,118,"19,939",
"Sat, Jan 18, 2020",8:00p,Toronto Raptors,122,Minnesota Timberwolves,112,"16,520",
"Sat, Jan 18, 2020",8:30p,Orlando Magic,95,Golden State Warriors,109,"18,064",
"Sat, Jan 18, 2020",8:30p,Los Angeles Lakers,124,Houston Rockets,115,"18,502",
"Sat, Jan 18, 2020",9:00p,Portland Trail Blazers,106,Oklahoma City Thunder,119,"18,203",
"Sat, Jan 18, 2020",9:00p,Sacramento Kings,101,Utah Jazz,123,"18,306",
"Sun, Jan 19, 2020",3:00p,Miami Heat,102,San Antonio Spurs,107,"18,422",
"Sun, Jan 19, 2020",8:00p,Indiana Pacers,115,Denver Nuggets,107,"19,520",
"Mon, Jan 20, 2020",2:00p,Detroit Pistons,100,Washington Wizards,106,"17,305",
"Mon, Jan 20, 2020",2:30p,Toronto Raptors,122,Atlanta Hawks,117,"17,300",
"Mon, Jan 20, 2020",3:00p,Philadelphia 76ers,117,Brooklyn Nets,111,"16,801",
"Mon, Jan 20, 2020",5:00p,Orlando Magic,106,Charlotte Hornets,83,"16,133",
"Mon, Jan 20, 2020",5:00p,New York Knicks,106,Cleveland Cavaliers,86,"17,133",
"Mon, Jan 20, 2020",5:00p,Oklahoma City Thunder,112,Houston Rockets,107,"18,055",
"Mon, Jan 20, 2020",5:00p,New Orleans Pelicans,126,Memphis Grizzlies,116,"17,794",
"Mon, Jan 20, 2020",5:00p,Sacramento Kings,113,Miami Heat,118,"19,600",
"Mon, Jan 20, 2020",5:00p,Chicago Bulls,98,Milwaukee Bucks,111,"17,747",
"Mon, Jan 20, 2020",7:30p,Los Angeles Lakers,107,Boston Celtics,139,"19,156",
"Mon, Jan 20, 2020",8:00p,Denver Nuggets,107,Minnesota Timberwolves,100,"12,172",
"Mon, Jan 20, 2020",9:00p,San Antonio Spurs,120,Phoenix Suns,118,"14,847",
"Mon, Jan 20, 2020",9:00p,Indiana Pacers,88,Utah Jazz,118,"18,306",
"Mon, Jan 20, 2020",10:00p,Golden State Warriors,124,Portland Trail Blazers,129,"19,493",
"Tue, Jan 21, 2020",8:30p,Los Angeles Clippers,110,Dallas Mavericks,107,"19,783",
"Wed, Jan 22, 2020",7:00p,Sacramento Kings,106,Detroit Pistons,127,"13,972",
"Wed, Jan 22, 2020",7:00p,Oklahoma City Thunder,120,Orlando Magic,114,"18,846",
"Wed, Jan 22, 2020",7:00p,Philadelphia 76ers,95,Toronto Raptors,107,"19,800",
"Wed, Jan 22, 2020",7:30p,Los Angeles Clippers,95,Atlanta Hawks,102,"14,338",
"Wed, Jan 22, 2020",7:30p,Memphis Grizzlies,95,Boston Celtics,119,"19,156",
"Wed, Jan 22, 2020",7:30p,Washington Wizards,129,Miami Heat,134,"19,600",
"Wed, Jan 22, 2020",7:30p,Los Angeles Lakers,100,New York Knicks,92,"19,812",
"Wed, Jan 22, 2020",8:00p,Minnesota Timberwolves,110,Chicago Bulls,117,"18,875",
"Wed, Jan 22, 2020",8:00p,Denver Nuggets,105,Houston Rockets,121,"18,055",
"Wed, Jan 22, 2020",9:00p,Indiana Pacers,112,Phoenix Suns,87,"14,691",
"Wed, Jan 22, 2020",9:30p,San Antonio Spurs,121,New Orleans Pelicans,117,"18,365",
"Wed, Jan 22, 2020",10:00p,Utah Jazz,129,Golden State Warriors,96,"18,064",
"Thu, Jan 23, 2020",7:00p,Washington Wizards,124,Cleveland Cavaliers,112,"16,689",
"Thu, Jan 23, 2020",8:00p,Los Angeles Lakers,128,Brooklyn Nets,113,"17,732",
"Thu, Jan 23, 2020",10:30p,Dallas Mavericks,133,Portland Trail Blazers,125,"19,574",
"Fri, Jan 24, 2020",3:00p,Milwaukee Bucks,116,Charlotte Hornets,103,"15,758","at Paris, France"
"Fri, Jan 24, 2020",7:00p,Memphis Grizzlies,125,Detroit Pistons,112,"14,583",
"Fri, Jan 24, 2020",7:00p,Boston Celtics,109,Orlando Magic,98,"18,846",
"Fri, Jan 24, 2020",7:30p,Toronto Raptors,118,New York Knicks,112,"18,883",
"Fri, Jan 24, 2020",8:00p,Sacramento Kings,98,Chicago Bulls,81,"17,661",
"Fri, Jan 24, 2020",8:00p,Los Angeles Clippers,122,Miami Heat,117,"19,632",
"Fri, Jan 24, 2020",8:00p,Houston Rockets,131,Minnesota Timberwolves,124,"16,101",
"Fri, Jan 24, 2020",8:00p,Denver Nuggets,113,New Orleans Pelicans,106,"16,398",
"Fri, Jan 24, 2020",8:00p,Atlanta Hawks,111,Oklahoma City Thunder,140,"18,203",
"Fri, Jan 24, 2020",8:30p,Phoenix Suns,103,San Antonio Spurs,99,"18,354",
"Fri, Jan 24, 2020",10:30p,Indiana Pacers,129,Golden State Warriors,118,"18,064",
"Sat, Jan 25, 2020",5:00p,Dallas Mavericks,107,Utah Jazz,112,"18,306",
"Sat, Jan 25, 2020",7:00p,Brooklyn Nets,121,Detroit Pistons,111,"15,890",
"Sat, Jan 25, 2020",8:00p,Chicago Bulls,118,Cleveland Cavaliers,106,"19,432",
"Sat, Jan 25, 2020",8:00p,Oklahoma City Thunder,113,Minnesota Timberwolves,104,"16,236",
"Sat, Jan 25, 2020",8:30p,Los Angeles Lakers,91,Philadelphia 76ers,108,"21,109",
"Sun, Jan 26, 2020",3:30p,Houston Rockets,110,Denver Nuggets,117,"19,520",
"Sun, Jan 26, 2020",4:00p,Toronto Raptors,110,San Antonio Spurs,106,"18,354",
"Sun, Jan 26, 2020",6:00p,Washington Wizards,133,Atlanta Hawks,152,"15,567",
"Sun, Jan 26, 2020",6:00p,Phoenix Suns,109,Memphis Grizzlies,114,"17,214",
"Sun, Jan 26, 2020",6:00p,Boston Celtics,108,New Orleans Pelicans,123,"16,737",
"Sun, Jan 26, 2020",6:00p,Brooklyn Nets,97,New York Knicks,110,"17,831",
"Sun, Jan 26, 2020",6:00p,Los Angeles Clippers,112,Orlando Magic,97,"15,427",
"Sun, Jan 26, 2020",9:00p,Indiana Pacers,129,Portland Trail Blazers,139,"19,663",
"Mon, Jan 27, 2020",7:00p,Cleveland Cavaliers,115,Detroit Pistons,100,"12,597",
"Mon, Jan 27, 2020",7:30p,Orlando Magic,92,Miami Heat,113,"19,600",
"Mon, Jan 27, 2020",8:00p,San Antonio Spurs,109,Chicago Bulls,110,"16,071",
"Mon, Jan 27, 2020",8:00p,Sacramento Kings,133,Minnesota Timberwolves,129,"13,449",
"Mon, Jan 27, 2020",8:00p,Dallas Mavericks,107,Oklahoma City Thunder,97,"18,203",
"Mon, Jan 27, 2020",9:00p,Houston Rockets,126,Utah Jazz,117,"18,306",
"Tue, Jan 28, 2020",7:00p,New York Knicks,92,Charlotte Hornets,97,"14,342",
"Tue, Jan 28, 2020",7:00p,Golden State Warriors,104,Philadelphia 76ers,115,"20,854",
"Tue, Jan 28, 2020",7:30p,New Orleans Pelicans,125,Cleveland Cavaliers,111,"19,432",
"Tue, Jan 28, 2020",7:30p,Atlanta Hawks,114,Toronto Raptors,130,"19,800",
"Tue, Jan 28, 2020",8:00p,Denver Nuggets,96,Memphis Grizzlies,104,"14,365",
"Tue, Jan 28, 2020",8:00p,Boston Celtics,109,Miami Heat,101,"19,704",
"Tue, Jan 28, 2020",8:00p,Washington Wizards,131,Milwaukee Bucks,151,"17,681",
"Tue, Jan 28, 2020",8:30p,Phoenix Suns,133,Dallas Mavericks,104,"20,216",
"Wed, Jan 29, 2020",7:00p,Chicago Bulls,106,Indiana Pacers,115,"17,923",
"Wed, Jan 29, 2020",7:30p,Detroit Pistons,115,Brooklyn Nets,125,"14,275",
"Wed, Jan 29, 2020",7:30p,Memphis Grizzlies,127,New York Knicks,106,"18,768",
"Wed, Jan 29, 2020",8:30p,Utah Jazz,120,San Antonio Spurs,127,"17,887",
"Wed, Jan 29, 2020",10:00p,Houston Rockets,112,Portland Trail Blazers,125,"19,393",
"Wed, Jan 29, 2020",10:00p,Oklahoma City Thunder,120,Sacramento Kings,100,"16,935",
"Thu, Jan 30, 2020",7:00p,Toronto Raptors,115,Cleveland Cavaliers,109,"17,695",
"Thu, Jan 30, 2020",7:00p,Charlotte Hornets,107,Washington Wizards,121,"15,013",
"Thu, Jan 30, 2020",7:30p,Philadelphia 76ers,117,Atlanta Hawks,127,"15,227",
"Thu, Jan 30, 2020",8:00p,Golden State Warriors,104,Boston Celtics,119,"19,156",
"Thu, Jan 30, 2020",10:30p,Utah Jazz,100,Denver Nuggets,106,"19,520",
"Thu, Jan 30, 2020",10:30p,Sacramento Kings,124,Los Angeles Clippers,103,"19,068",
"Fri, Jan 31, 2020",7:00p,Toronto Raptors,105,Detroit Pistons,92,"17,356",
"Fri, Jan 31, 2020",7:30p,Chicago Bulls,118,Brooklyn Nets,133,"17,732",
"Fri, Jan 31, 2020",7:30p,Dallas Mavericks,121,Houston Rockets,128,"18,055",
"Fri, Jan 31, 2020",8:00p,Memphis Grizzlies,111,New Orleans Pelicans,139,"18,362",
"Fri, Jan 31, 2020",9:00p,Denver Nuggets,127,Milwaukee Bucks,115,"18,141",
"Fri, Jan 31, 2020",9:00p,Oklahoma City Thunder,111,Phoenix Suns,107,"17,260",
"Fri, Jan 31, 2020",10:30p,Portland Trail Blazers,127,Los Angeles Lakers,119,"18,997",
"Sat, Feb 1, 2020",3:30p,Minnesota Timberwolves,106,Los Angeles Clippers,118,"19,068",
"Sat, Feb 1, 2020",7:00p,New York Knicks,92,Indiana Pacers,85,"17,923",
"Sat, Feb 1, 2020",7:00p,Miami Heat,102,Orlando Magic,89,"18,846",
"Sat, Feb 1, 2020",8:00p,Golden State Warriors,131,Cleveland Cavaliers,112,"18,410",
"Sat, Feb 1, 2020",8:00p,Brooklyn Nets,107,Washington Wizards,113,"18,196",
"Sat, Feb 1, 2020",8:30p,Philadelphia 76ers,95,Boston Celtics,116,"19,156",
"Sat, Feb 1, 2020",8:30p,Atlanta Hawks,100,Dallas Mavericks,123,"20,328",
"Sat, Feb 1, 2020",9:00p,Charlotte Hornets,90,San Antonio Spurs,114,"18,615",
"Sat, Feb 1, 2020",10:00p,Los Angeles Lakers,129,Sacramento Kings,113,"17,583",
"Sat, Feb 1, 2020",10:30p,Utah Jazz,107,Portland Trail Blazers,124,"19,603",
"Sun, Feb 2, 2020",12:30p,Denver Nuggets,123,Detroit Pistons,128,"15,488",
"Sun, Feb 2, 2020",2:00p,New Orleans Pelicans,109,Houston Rockets,117,"18,055",
"Sun, Feb 2, 2020",2:00p,Phoenix Suns,108,Milwaukee Bucks,129,"17,754",
"Sun, Feb 2, 2020",3:00p,Chicago Bulls,102,Toronto Raptors,129,"19,800",
"Mon, Feb 3, 2020",7:00p,Orlando Magic,112,Charlotte Hornets,100,"12,337",
"Mon, Feb 3, 2020",7:00p,New York Knicks,139,Cleveland Cavaliers,134,"16,303",
"Mon, Feb 3, 2020",7:00p,Dallas Mavericks,112,Indiana Pacers,103,"15,086",
"Mon, Feb 3, 2020",7:00p,Golden State Warriors,125,Washington Wizards,117,"17,120",
"Mon, Feb 3, 2020",7:30p,Boston Celtics,123,Atlanta Hawks,115,"16,231",
"Mon, Feb 3, 2020",7:30p,Phoenix Suns,97,Brooklyn Nets,119,"14,891",
"Mon, Feb 3, 2020",7:30p,Philadelphia 76ers,106,Miami Heat,137,"19,725",
"Mon, Feb 3, 2020",8:00p,Detroit Pistons,82,Memphis Grizzlies,96,"14,597",
"Mon, Feb 3, 2020",10:00p,Minnesota Timberwolves,109,Sacramento Kings,113,"15,819",
"Mon, Feb 3, 2020",10:30p,San Antonio Spurs,105,Los Angeles Clippers,108,"19,068",
"Tue, Feb 4, 2020",7:30p,Milwaukee Bucks,120,New Orleans Pelicans,108,"15,424",
"Tue, Feb 4, 2020",8:00p,Charlotte Hornets,110,Houston Rockets,125,"18,055",
"Tue, Feb 4, 2020",9:00p,Portland Trail Blazers,99,Denver Nuggets,127,"19,520",
"Tue, Feb 4, 2020",10:00p,San Antonio Spurs,102,Los Angeles Lakers,129,"18,997",
"Wed, Feb 5, 2020",7:00p,Phoenix Suns,108,Detroit Pistons,116,"13,707",
"Wed, Feb 5, 2020",7:30p,Orlando Magic,100,Boston Celtics,116,"19,156",
"Wed, Feb 5, 2020",7:30p,Golden State Warriors,88,Brooklyn Nets,129,"14,352",
"Wed, Feb 5, 2020",7:30p,Indiana Pacers,118,Toronto Raptors,119,"19,800",
"Wed, Feb 5, 2020",8:00p,Atlanta Hawks,127,Minnesota Timberwolves,120,"10,779",
"Wed, Feb 5, 2020",8:00p,Cleveland Cavaliers,103,Oklahoma City Thunder,109,"18,203",
"Wed, Feb 5, 2020",8:30p,Memphis Grizzlies,121,Dallas Mavericks,107,"20,069",
"Wed, Feb 5, 2020",9:00p,Denver Nuggets,98,Utah Jazz,95,"18,306",
"Wed, Feb 5, 2020",10:00p,Miami Heat,111,Los Angeles Clippers,128,"19,068",
"Thu, Feb 6, 2020",7:30p,Orlando Magic,103,New York Knicks,105,"18,895",
"Thu, Feb 6, 2020",8:00p,New Orleans Pelicans,125,Chicago Bulls,119,"18,247",
"Thu, Feb 6, 2020",8:00p,Philadelphia 76ers,101,Milwaukee Bucks,112,"17,928",
"Thu, Feb 6, 2020",10:00p,San Antonio Spurs,117,Portland Trail Blazers,125,"19,653",
"Thu, Feb 6, 2020",10:30p,Houston Rockets,121,Los Angeles Lakers,111,"18,997",
"Fri, Feb 7, 2020",7:00p,Memphis Grizzlies,107,Philadelphia 76ers,119,"20,779",
"Fri, Feb 7, 2020",7:00p,Dallas Mavericks,118,Washington Wizards,119,"20,476",
"Fri, Feb 7, 2020",7:30p,Atlanta Hawks,107,Boston Celtics,112,"19,156",
"Fri, Feb 7, 2020",8:00p,Toronto Raptors,115,Indiana Pacers,106,"17,028",
"Fri, Feb 7, 2020",8:00p,Detroit Pistons,101,Oklahoma City Thunder,108,"18,203",
"Fri, Feb 7, 2020",9:00p,Houston Rockets,91,Phoenix Suns,127,"17,043",
"Fri, Feb 7, 2020",10:00p,Miami Heat,97,Sacramento Kings,105,"16,760",
"Fri, Feb 7, 2020",10:30p,Portland Trail Blazers,114,Utah Jazz,117,"18,306",
"Sat, Feb 8, 2020",5:00p,Milwaukee Bucks,111,Orlando Magic,95,"16,632",
"Sat, Feb 8, 2020",7:00p,Dallas Mavericks,116,Charlotte Hornets,100,"19,370",
"Sat, Feb 8, 2020",7:00p,New York Knicks,95,Detroit Pistons,92,"15,980",
"Sat, Feb 8, 2020",7:30p,New Orleans Pelicans,124,Indiana Pacers,117,"17,923",
"Sat, Feb 8, 2020",7:30p,Brooklyn Nets,118,Toronto Raptors,119,"19,800",
"Sat, Feb 8, 2020",8:00p,Los Angeles Clippers,115,Minnesota Timberwolves,142,"18,978",
"Sat, Feb 8, 2020",8:30p,Los Angeles Lakers,125,Golden State Warriors,120,"18,064",
"Sat, Feb 8, 2020",9:00p,Denver Nuggets,117,Phoenix Suns,108,"16,843",
"Sat, Feb 8, 2020",10:00p,San Antonio Spurs,102,Sacramento Kings,122,"16,756",
"Sun, Feb 9, 2020",3:30p,Boston Celtics,112,Oklahoma City Thunder,111,"18,203",
"Sun, Feb 9, 2020",6:00p,New York Knicks,135,Atlanta Hawks,140,"16,309",
"Sun, Feb 9, 2020",6:00p,Chicago Bulls,111,Philadelphia 76ers,118,"21,018",
"Sun, Feb 9, 2020",6:00p,Memphis Grizzlies,106,Washington Wizards,99,"17,251",
"Sun, Feb 9, 2020",7:00p,Utah Jazz,114,Houston Rockets,113,"18,055",
"Sun, Feb 9, 2020",7:30p,Los Angeles Clippers,133,Cleveland Cavaliers,92,"17,240",
"Sun, Feb 9, 2020",9:00p,Miami Heat,109,Portland Trail Blazers,115,"19,726",
"Mon, Feb 10, 2020",7:00p,Charlotte Hornets,87,Detroit Pistons,76,"13,941",
"Mon, Feb 10, 2020",7:00p,Brooklyn Nets,106,Indiana Pacers,105,"16,761",
"Mon, Feb 10, 2020",7:00p,Atlanta Hawks,126,Orlando Magic,135,"17,076",
"Mon, Feb 10, 2020",7:30p,Minnesota Timberwolves,126,Toronto Raptors,137,"19,800",
"Mon, Feb 10, 2020",8:00p,Sacramento Kings,111,Milwaukee Bucks,123,"17,463",
"Mon, Feb 10, 2020",8:30p,Utah Jazz,123,Dallas Mavericks,119,"19,793",
"Mon, Feb 10, 2020",9:00p,San Antonio Spurs,120,Denver Nuggets,127,"19,520",
"Mon, Feb 10, 2020",10:30p,Miami Heat,113,Golden State Warriors,101,"18,064",
"Mon, Feb 10, 2020",10:30p,Phoenix Suns,100,Los Angeles Lakers,125,"18,997",
"Tue, Feb 11, 2020",7:00p,Los Angeles Clippers,103,Philadelphia 76ers,110,"20,730",
"Tue, Feb 11, 2020",7:00p,Chicago Bulls,114,Washington Wizards,126,"15,135",
"Tue, Feb 11, 2020",8:00p,Portland Trail Blazers,117,New Orleans Pelicans,138,"15,739",
"Tue, Feb 11, 2020",8:00p,San Antonio Spurs,114,Oklahoma City Thunder,106,"18,203",
"Tue, Feb 11, 2020",9:30p,Boston Celtics,105,Houston Rockets,116,"18,055",
"Wed, Feb 12, 2020",7:00p,Atlanta Hawks,105,Cleveland Cavaliers,127,"16,200",
"Wed, Feb 12, 2020",7:00p,Detroit Pistons,112,Orlando Magic,116,"16,607",
"Wed, Feb 12, 2020",7:30p,Toronto Raptors,91,Brooklyn Nets,101,"15,823",
"Wed, Feb 12, 2020",7:30p,Milwaukee Bucks,111,Indiana Pacers,118,"17,018",
"Wed, Feb 12, 2020",7:30p,Washington Wizards,114,New York Knicks,96,"18,835",
"Wed, Feb 12, 2020",8:00p,Portland Trail Blazers,104,Memphis Grizzlies,111,"16,889",
"Wed, Feb 12, 2020",8:00p,Charlotte Hornets,115,Minnesota Timberwolves,108,"18,978",
"Wed, Feb 12, 2020",8:30p,Sacramento Kings,111,Dallas Mavericks,130,"19,842",
"Wed, Feb 12, 2020",9:00p,Golden State Warriors,106,Phoenix Suns,112,"15,216",
"Wed, Feb 12, 2020",9:00p,Miami Heat,101,Utah Jazz,116,"18,306",
"Wed, Feb 12, 2020",10:00p,Los Angeles Lakers,120,Denver Nuggets,116,"19,860",
"Thu, Feb 13, 2020",8:00p,Los Angeles Clippers,133,Boston Celtics,141,"19,156",
"Thu, Feb 13, 2020",8:00p,Oklahoma City Thunder,123,New Orleans Pelicans,118,"17,865",
"Thu, Feb 20, 2020",7:00p,Milwaukee Bucks,126,Detroit Pistons,106,"16,097",
"Thu, Feb 20, 2020",7:30p,Miami Heat,124,Atlanta Hawks,129,"17,356",
"Thu, Feb 20, 2020",8:00p,Charlotte Hornets,103,Chicago Bulls,93,"17,463",
"Thu, Feb 20, 2020",8:00p,Brooklyn Nets,104,Philadelphia 76ers,112,"20,806",
"Thu, Feb 20, 2020",10:00p,Memphis Grizzlies,125,Sacramento Kings,129,"17,078",
"Thu, Feb 20, 2020",10:30p,Houston Rockets,135,Golden State Warriors,105,"18,064",
"Fri, Feb 21, 2020",7:00p,Dallas Mavericks,122,Orlando Magic,106,"18,846",
"Fri, Feb 21, 2020",7:00p,Cleveland Cavaliers,113,Washington Wizards,108,"18,895",
"Fri, Feb 21, 2020",7:30p,Indiana Pacers,106,New York Knicks,98,"19,812",
"Fri, Feb 21, 2020",7:30p,Phoenix Suns,101,Toronto Raptors,118,"19,800",
"Fri, Feb 21, 2020",8:00p,Boston Celtics,127,Minnesota Timberwolves,117,"18,978",
"Fri, Feb 21, 2020",8:00p,Denver Nuggets,101,Oklahoma City Thunder,113,"18,203",
"Fri, Feb 21, 2020",9:00p,San Antonio Spurs,113,Utah Jazz,104,"18,306",
"Fri, Feb 21, 2020",10:30p,Memphis Grizzlies,105,Los Angeles Lakers,117,"18,997",
"Fri, Feb 21, 2020",10:30p,New Orleans Pelicans,128,Portland Trail Blazers,115,"19,946",
"Sat, Feb 22, 2020",3:30p,Sacramento Kings,112,Los Angeles Clippers,103,"19,068",
"Sat, Feb 22, 2020",7:00p,Brooklyn Nets,115,Charlotte Hornets,86,"19,079",
"Sat, Feb 22, 2020",7:30p,Dallas Mavericks,107,Atlanta Hawks,111,"17,050",
"Sat, Feb 22, 2020",8:00p,Phoenix Suns,112,Chicago Bulls,104,"20,506",
"Sat, Feb 22, 2020",8:00p,Cleveland Cavaliers,105,Miami Heat,124,"19,754",
"Sat, Feb 22, 2020",8:30p,Philadelphia 76ers,98,Milwaukee Bucks,119,"18,290",
"Sat, Feb 22, 2020",9:00p,Houston Rockets,120,Utah Jazz,110,"18,306",
"Sun, Feb 23, 2020",3:30p,Boston Celtics,112,Los Angeles Lakers,114,"18,997",
"Sun, Feb 23, 2020",6:00p,Minnesota Timberwolves,116,Denver Nuggets,128,"19,626",
"Sun, Feb 23, 2020",6:00p,Indiana Pacers,81,Toronto Raptors,127,"19,800",
"Sun, Feb 23, 2020",7:00p,Washington Wizards,117,Chicago Bulls,126,"18,024",
"Sun, Feb 23, 2020",7:00p,San Antonio Spurs,103,Oklahoma City Thunder,131,"18,203",
"Sun, Feb 23, 2020",8:30p,New Orleans Pelicans,115,Golden State Warriors,101,"18,064",
"Sun, Feb 23, 2020",9:00p,Detroit Pistons,104,Portland Trail Blazers,107,"19,393",
"Mon, Feb 24, 2020",7:00p,Miami Heat,119,Cleveland Cavaliers,125,"17,336",
"Mon, Feb 24, 2020",7:00p,Atlanta Hawks,112,Philadelphia 76ers,129,"20,836",
"Mon, Feb 24, 2020",7:00p,Milwaukee Bucks,137,Washington Wizards,134,"16,580",
"Mon, Feb 24, 2020",7:30p,Orlando Magic,115,Brooklyn Nets,113,"16,162",
"Mon, Feb 24, 2020",8:00p,New York Knicks,112,Houston Rockets,123,"18,055",
"Mon, Feb 24, 2020",8:30p,Minnesota Timberwolves,123,Dallas Mavericks,139,"19,936",
"Mon, Feb 24, 2020",9:00p,Phoenix Suns,131,Utah Jazz,111,"18,306",
"Mon, Feb 24, 2020",10:30p,Memphis Grizzlies,97,Los Angeles Clippers,124,"19,068",
"Tue, Feb 25, 2020",7:00p,Charlotte Hornets,80,Indiana Pacers,119,"16,088",
"Tue, Feb 25, 2020",7:30p,Milwaukee Bucks,108,Toronto Raptors,97,"19,993",
"Tue, Feb 25, 2020",8:00p,Oklahoma City Thunder,124,Chicago Bulls,122,"16,911",
"Tue, Feb 25, 2020",9:00p,Detroit Pistons,98,Denver Nuggets,115,"19,143",
"Tue, Feb 25, 2020",10:00p,New Orleans Pelicans,109,Los Angeles Lakers,118,"18,997",
"Tue, Feb 25, 2020",10:00p,Boston Celtics,118,Portland Trail Blazers,106,"19,460",
"Tue, Feb 25, 2020",10:30p,Sacramento Kings,112,Golden State Warriors,94,"18,064",
"Wed, Feb 26, 2020",7:00p,New York Knicks,101,Charlotte Hornets,107,"13,152",
"Wed, Feb 26, 2020",7:00p,Philadelphia 76ers,94,Cleveland Cavaliers,108,"16,332",
"Wed, Feb 26, 2020",7:00p,Brooklyn Nets,106,Washington Wizards,110,"15,021",
"Wed, Feb 26, 2020",7:30p,Orlando Magic,130,Atlanta Hawks,120,"14,967",
"Wed, Feb 26, 2020",7:30p,Minnesota Timberwolves,129,Miami Heat,126,"19,600",
"Wed, Feb 26, 2020",8:00p,Memphis Grizzlies,112,Houston Rockets,140,"18,055",
"Wed, Feb 26, 2020",8:30p,Dallas Mavericks,109,San Antonio Spurs,103,"18,354",
"Wed, Feb 26, 2020",9:00p,Los Angeles Clippers,102,Phoenix Suns,92,"15,157",
"Wed, Feb 26, 2020",10:30p,Boston Celtics,114,Utah Jazz,103,"18,306",
"Thu, Feb 27, 2020",7:00p,New York Knicks,106,Philadelphia 76ers,115,"20,175",
"Thu, Feb 27, 2020",8:00p,Portland Trail Blazers,100,Indiana Pacers,106,"16,872",
"Thu, Feb 27, 2020",8:00p,Sacramento Kings,108,Oklahoma City Thunder,112,"18,203",
"Thu, Feb 27, 2020",10:30p,Los Angeles Lakers,116,Golden State Warriors,86,"18,064",
"Fri, Feb 28, 2020",7:00p,Minnesota Timberwolves,125,Orlando Magic,136,"18,846",
"Fri, Feb 28, 2020",7:30p,Brooklyn Nets,118,Atlanta Hawks,141,"17,034",
"Fri, Feb 28, 2020",7:30p,Charlotte Hornets,99,Toronto Raptors,96,"19,800",
"Fri, Feb 28, 2020",8:00p,Sacramento Kings,104,Memphis Grizzlies,101,"17,794",
"Fri, Feb 28, 2020",8:00p,Dallas Mavericks,118,Miami Heat,126,"19,704",
"Fri, Feb 28, 2020",8:00p,Oklahoma City Thunder,86,Milwaukee Bucks,133,"18,412",
"Fri, Feb 28, 2020",8:00p,Cleveland Cavaliers,104,New Orleans Pelicans,116,"18,304",
"Fri, Feb 28, 2020",9:00p,Detroit Pistons,113,Phoenix Suns,111,"17,142",
"Fri, Feb 28, 2020",9:00p,Washington Wizards,119,Utah Jazz,129,"18,306",
"Fri, Feb 28, 2020",10:30p,Denver Nuggets,103,Los Angeles Clippers,132,"19,068",
"Sat, Feb 29, 2020",5:00p,Chicago Bulls,115,New York Knicks,125,"19,812",
"Sat, Feb 29, 2020",7:30p,Portland Trail Blazers,117,Atlanta Hawks,129,"17,765",
"Sat, Feb 29, 2020",7:30p,Brooklyn Nets,113,Miami Heat,116,"19,600",
"Sat, Feb 29, 2020",8:00p,Indiana Pacers,113,Cleveland Cavaliers,104,"19,432",
"Sat, Feb 29, 2020",8:00p,Los Angeles Lakers,88,Memphis Grizzlies,105,"17,794",
"Sat, Feb 29, 2020",8:30p,Houston Rockets,111,Boston Celtics,110,"19,156",
"Sat, Feb 29, 2020",8:30p,Orlando Magic,113,San Antonio Spurs,114,"18,354",
"Sat, Feb 29, 2020",9:00p,Golden State Warriors,115,Phoenix Suns,99,"16,395",
"Sun, Mar 1, 2020",1:00p,Milwaukee Bucks,93,Charlotte Hornets,85,"19,149",
"Sun, Mar 1, 2020",3:30p,Philadelphia 76ers,130,Los Angeles Clippers,136,"19,068",
"Sun, Mar 1, 2020",3:30p,Dallas Mavericks,111,Minnesota Timberwolves,91,"18,058",
"Sun, Mar 1, 2020",6:00p,Toronto Raptors,118,Denver Nuggets,133,"19,777",
"Sun, Mar 1, 2020",6:00p,Detroit Pistons,100,Sacramento Kings,106,"17,499",
"Sun, Mar 1, 2020",8:00p,Los Angeles Lakers,122,New Orleans Pelicans,114,"18,547",
"Sun, Mar 1, 2020",8:30p,Washington Wizards,124,Golden State Warriors,110,"18,064",
"Mon, Mar 2, 2020",7:00p,Utah Jazz,126,Cleveland Cavaliers,113,"15,453",
"Mon, Mar 2, 2020",7:00p,Houston Rockets,123,New York Knicks,125,"18,142",
"Mon, Mar 2, 2020",7:00p,Portland Trail Blazers,130,Orlando Magic,107,"18,078",
"Mon, Mar 2, 2020",7:30p,Memphis Grizzlies,127,Atlanta Hawks,88,"16,207",
"Mon, Mar 2, 2020",7:30p,Milwaukee Bucks,89,Miami Heat,105,"19,600",
"Mon, Mar 2, 2020",8:00p,Dallas Mavericks,107,Chicago Bulls,109,"18,407",
"Mon, Mar 2, 2020",8:30p,Indiana Pacers,116,San Antonio Spurs,111,"17,635",
"Tue, Mar 3, 2020",7:00p,San Antonio Spurs,104,Charlotte Hornets,103,"12,008",
"Tue, Mar 3, 2020",7:30p,Brooklyn Nets,129,Boston Celtics,120,"19,156",
"Tue, Mar 3, 2020",8:00p,Minnesota Timberwolves,139,New Orleans Pelicans,134,"15,264",
"Tue, Mar 3, 2020",8:00p,Los Angeles Clippers,109,Oklahoma City Thunder,94,"18,203",
"Tue, Mar 3, 2020",9:00p,Golden State Warriors,116,Denver Nuggets,100,"19,520",
"Tue, Mar 3, 2020",9:00p,Toronto Raptors,123,Phoenix Suns,114,"15,553",
"Tue, Mar 3, 2020",10:00p,Philadelphia 76ers,107,Los Angeles Lakers,120,"18,997",
"Tue, Mar 3, 2020",10:00p,Washington Wizards,126,Sacramento Kings,133,"16,419",
"Wed, Mar 4, 2020",7:00p,Boston Celtics,112,Cleveland Cavaliers,106,"16,897",
"Wed, Mar 4, 2020",7:00p,Oklahoma City Thunder,114,Detroit Pistons,107,"15,138",
"Wed, Mar 4, 2020",7:00p,Indiana Pacers,100,Milwaukee Bucks,119,"17,695",
"Wed, Mar 4, 2020",7:30p,Memphis Grizzlies,118,Brooklyn Nets,79,"16,941",
"Wed, Mar 4, 2020",7:30p,Utah Jazz,112,New York Knicks,104,"16,588",
"Wed, Mar 4, 2020",7:30p,Orlando Magic,113,Miami Heat,116,"19,600",
"Wed, Mar 4, 2020",8:00p,Chicago Bulls,108,Minnesota Timberwolves,115,"13,392",
"Wed, Mar 4, 2020",9:30p,New Orleans Pelicans,123,Dallas Mavericks,127,"20,459",
"Wed, Mar 4, 2020",10:00p,Washington Wizards,104,Portland Trail Blazers,125,"19,393",
"Thu, Mar 5, 2020",7:00p,Denver Nuggets,114,Charlotte Hornets,112,"13,311",
"Thu, Mar 5, 2020",8:00p,Los Angeles Clippers,120,Houston Rockets,105,"18,055",
"Thu, Mar 5, 2020",10:00p,Philadelphia 76ers,125,Sacramento Kings,108,"15,485",
"Thu, Mar 5, 2020",10:30p,Toronto Raptors,121,Golden State Warriors,113,"18,064",
"Fri, Mar 6, 2020",7:00p,Atlanta Hawks,112,Washington Wizards,118,"17,856",
"Fri, Mar 6, 2020",7:30p,San Antonio Spurs,120,Brooklyn Nets,139,"16,277",
"Fri, Mar 6, 2020",7:30p,Oklahoma City Thunder,126,New York Knicks,103,"19,499",
"Fri, Mar 6, 2020",8:00p,Indiana Pacers,108,Chicago Bulls,102,"20,229",
"Fri, Mar 6, 2020",8:00p,Orlando Magic,132,Minnesota Timberwolves,118,"14,315",
"Fri, Mar 6, 2020",8:00p,Miami Heat,104,New Orleans Pelicans,110,"18,384",
"Fri, Mar 6, 2020",8:00p,Utah Jazz,99,Boston Celtics,94,"19,156",
"Fri, Mar 6, 2020",8:30p,Memphis Grizzlies,96,Dallas Mavericks,121,"20,370",
"Fri, Mar 6, 2020",9:00p,Portland Trail Blazers,117,Phoenix Suns,127,"15,522",
"Fri, Mar 6, 2020",10:30p,Milwaukee Bucks,103,Los Angeles Lakers,113,"18,997",
"Sat, Mar 7, 2020",5:00p,Houston Rockets,99,Charlotte Hornets,108,"19,159",
"Sat, Mar 7, 2020",7:00p,Utah Jazz,111,Detroit Pistons,105,"16,590",
"Sat, Mar 7, 2020",7:30p,Denver Nuggets,102,Cleveland Cavaliers,104,"19,432",
"Sat, Mar 7, 2020",8:00p,Atlanta Hawks,101,Memphis Grizzlies,118,"17,117",
"Sat, Mar 7, 2020",8:30p,Philadelphia 76ers,114,Golden State Warriors,118,"18,064",
"Sat, Mar 7, 2020",10:00p,Sacramento Kings,123,Portland Trail Blazers,111,"19,691",
"Sun, Mar 8, 2020",3:00p,Chicago Bulls,107,Brooklyn Nets,110,"15,916",
"Sun, Mar 8, 2020",3:30p,New Orleans Pelicans,120,Minnesota Timberwolves,107,"18,978",
"Sun, Mar 8, 2020",3:30p,Los Angeles Lakers,112,Los Angeles Clippers,103,"19,068",
"Sun, Mar 8, 2020",6:00p,Oklahoma City Thunder,105,Boston Celtics,104,"19,156",
"Sun, Mar 8, 2020",6:00p,Milwaukee Bucks,131,Phoenix Suns,140,"17,282",
"Sun, Mar 8, 2020",7:00p,Miami Heat,100,Washington Wizards,89,"18,135",
"Sun, Mar 8, 2020",7:00p,Indiana Pacers,112,Dallas Mavericks,109,"20,324",
"Sun, Mar 8, 2020",7:00p,Orlando Magic,126,Houston Rockets,106,"18,055",
"Sun, Mar 8, 2020",7:30p,Detroit Pistons,84,New York Knicks,96,"18,361",
"Sun, Mar 8, 2020",7:30p,San Antonio Spurs,129,Cleveland Cavaliers,132,"17,995",
"Sun, Mar 8, 2020",9:00p,Toronto Raptors,118,Sacramento Kings,113,"16,449",
"Mon, Mar 9, 2020",7:30p,Charlotte Hornets,138,Atlanta Hawks,143,"14,399",
"Mon, Mar 9, 2020",9:00p,Milwaukee Bucks,95,Denver Nuggets,109,"19,838",
"Mon, Mar 9, 2020",9:00p,Toronto Raptors,101,Utah Jazz,92,"18,306",
"Tue, Mar 10, 2020",7:00p,New York Knicks,115,Washington Wizards,122,"15,048",
"Tue, Mar 10, 2020",7:00p,Boston Celtics,114,Indiana Pacers,111,"17,053",
"Tue, Mar 10, 2020",8:00p,Minnesota Timberwolves,111,Houston Rockets,117,"18,055",
"Tue, Mar 10, 2020",8:00p,Dallas Mavericks,109,San Antonio Spurs,119,"18,354",
"Tue, Mar 10, 2020",8:00p,Orlando Magic,120,Memphis Grizzlies,115,"15,388",
"Tue, Mar 10, 2020",8:00p,Cleveland Cavaliers,103,Chicago Bulls,108,"17,837",
"Tue, Mar 10, 2020",10:00p,Phoenix Suns,105,Portland Trail Blazers,121,"19,393",
"Tue, Mar 10, 2020",10:30p,Brooklyn Nets,104,Los Angeles Lakers,102,"18,997",
"Tue, Mar 10, 2020",10:30p,Los Angeles Clippers,131,Golden State Warriors,107,"18,064",
"Wed, Mar 11, 2020",7:00p,Detroit Pistons,106,Philadelphia 76ers,124,"20,172",
"Wed, Mar 11, 2020",7:30p,New York Knicks,136,Atlanta Hawks,131,"15,393",
"Wed, Mar 11, 2020",7:30p,Charlotte Hornets,109,Miami Heat,98,"19,600",
"Wed, Mar 11, 2020",8:00p,Denver Nuggets,97,Dallas Mavericks,113,"20,302",